dex,nome,sesso,gmax,forma,regione,commento
1,Bulbasaur,,,,Kanto,
2,Ivysaur,,,,Kanto,
3,Venusaur,♂,1,,Kanto,
3,Venusaur,♀,1,,Kanto,
4,Charmander,,,,Kanto,
5,Charmeleon,,,,Kanto,
6,Charizard,,1,,Kanto,
7,Squirtle,,,,Kanto,
8,Wartortle,,,,Kanto,
9,Blastoise,,1,,Kanto,
10,Caterpie,,,,Kanto,
11,Metapod,,,,Kanto,
12,Butterfree,♂,1,,Kanto,
12,Butterfree,♀,1,,Kanto,
13,Weedle,,,,Kanto,
14,Kakuna,,,,Kanto,
15,Beedrill,,,,Kanto,
16,Pidgey,,,,Kanto,
17,Pidgeotto,,,,Kanto,
18,Pidgeot,,,,Kanto,
19,Rattata,♂,,,Kanto,
19,Rattata,♀,,,Kanto,
20,Raticate,♂,,,Kanto,
20,Raticate,♀,,,Kanto,
21,Spearow,,,,Kanto,
22,Fearow,,,,Kanto,
23,Ekans,,,,Kanto,
24,Arbok,,,,Kanto,
25,Pikachu,♂,1,,Kanto,
25,Pikachu,♀,1,,Kanto,
25,Pikachu,,,Original Cap,Event (Alola),Event exclusive
25,Pikachu,,,Hoenn Cap,Event (Alola),Event exclusive
25,Pikachu,,,Sinnoh Cap,Event (Alola),Event exclusive
25,Pikachu,,,Unova Cap,Event (Alola),Event exclusive
25,Pikachu,,,Kalos Cap,Event (Alola),Event exclusive
25,Pikachu,,,Alola Cap,Event (Alola),Event exclusive
25,Pikachu,,,Partner Cap,Alola,"Indefinitely obtainable in Pokémon Ultra Sun and Pokémon Ultra Moon through QR Code (only transferable if Pokémon Bank was downloaded from 3DS eShop before it was closed in March, 2023)"
25,Pikachu,,,World Cap,Event (Galar),Event exclusive
26,Raichu,♂,,,Kanto,
26,Raichu,♀,,,Kanto,
27,Sandshrew,,,,Kanto,
28,Sandslash,,,,Kanto,
29,Nidoran ♀,,,,Kanto,
30,Nidorina,,,,Kanto,
31,Nidoqueen,,,,Kanto,
32,Nidoran ♂,,,,Kanto,
33,Nidorino,,,,Kanto,
34,Nidoking,,,,Kanto,
35,Clefairy,,,,Kanto,
36,Clefable,,,,Kanto,
37,Vulpix,,,,Kanto,
38,Ninetales,,,,Kanto,
39,Jigglypuff,,,,Kanto,
40,Wigglytuff,,,,Kanto,
41,Zubat,♂,,,Kanto,
41,Zubat,♀,,,Kanto,
42,Golbat,♂,,,Kanto,
42,Golbat,♀,,,Kanto,
43,Oddish,,,,Kanto,
44,Gloom,♂,,,Kanto,
44,Gloom,♀,,,Kanto,
45,Vileplume,♂,,,Kanto,
45,Vileplume,♀,,,Kanto,
46,Paras,,,,Kanto,
47,Parasect,,,,Kanto,
48,Venonat,,,,Kanto,
49,Venomoth,,,,Kanto,
50,Diglett,,,,Kanto,
51,Dugtrio,,,,Kanto,
52,Meowth,,1,,Kanto,
53,Persian,,,,Kanto,
54,Psyduck,,,,Kanto,
55,Golduck,,,,Kanto,
56,Mankey,,,,Kanto,
57,Primeape,,,,Kanto,
58,Growlithe,,,,Kanto,
59,Arcanine,,,,Kanto,
60,Poliwag,,,,Kanto,
61,Poliwhirl,,,,Kanto,
62,Poliwrath,,,,Kanto,
63,Abra,,,,Kanto,
64,Kadabra,♂,,,Kanto,
64,Kadabra,♀,,,Kanto,
65,Alakazam,♂,,,Kanto,
65,Alakazam,♀,,,Kanto,
66,Machop,,,,Kanto,
67,Machoke,,,,Kanto,
68,Machamp,,1,,Kanto,
69,Bellsprout,,,,Kanto,
70,Weepinbell,,,,Kanto,
71,Victreebel,,,,Kanto,
72,Tentacool,,,,Kanto,
73,Tentacruel,,,,Kanto,
74,Geodude,,,,Kanto,
75,Graveler,,,,Kanto,
76,Golem,,,,Kanto,
77,Ponyta,,,,Kanto,
78,Rapidash,,,,Kanto,
79,Slowpoke,,,,Kanto,
80,Slowbro,,,,Kanto,
81,Magnemite,,,,Kanto,
82,Magneton,,,,Kanto,
83,Farfetch'd,,,,Kanto,
84,Doduo,♂,,,Kanto,
84,Doduo,♀,,,Kanto,
85,Dodrio,♂,,,Kanto,
85,Dodrio,♀,,,Kanto,
86,Seel,,,,Kanto,
87,Dewgong,,,,Kanto,
88,Grimer,,,,Kanto,
89,Muk,,,,Kanto,
90,Shellder,,,,Kanto,
91,Cloyster,,,,Kanto,
92,Gastly,,,,Kanto,
93,Haunter,,,,Kanto,
94,Gengar,,1,,Kanto,
95,Onix,,,,Kanto,
96,Drowzee,,,,Kanto,
97,Hypno,♂,,,Kanto,
97,Hypno,♀,,,Kanto,
98,Krabby,,,,Kanto,
99,Kingler,,1,,Kanto,
100,Voltorb,,,,Kanto,
101,Electrode,,,,Kanto,
102,Exeggcute,,,,Kanto,
103,Exeggutor,,,,Kanto,
104,Cubone,,,,Kanto,
105,Marowak,,,,Kanto,
106,Hitmonlee,,,,Kanto,
107,Hitmonchan,,,,Kanto,
108,Lickitung,,,,Kanto,
109,Koffing,,,,Kanto,
110,Weezing,,,,Kanto,
111,Rhyhorn,♂,,,Kanto,
111,Rhyhorn,♀,,,Kanto,
112,Rhydon,♂,,,Kanto,
112,Rhydon,♀,,,Kanto,
113,Chansey,,,,Kanto,
114,Tangela,,,,Kanto,
115,Kangaskhan,,,,Kanto,
116,Horsea,,,,Kanto,
117,Seadra,,,,Kanto,
118,Goldeen,♂,,,Kanto,
118,Goldeen,♀,,,Kanto,
119,Seaking,♂,,,Kanto,
119,Seaking,♀,,,Kanto,
120,Staryu,,,,Kanto,
121,Starmie,,,,Kanto,
122,Mr. Mime,,,,Kanto,
123,Scyther,♂,,,Kanto,
123,Scyther,♀,,,Kanto,
124,Jynx,,,,Kanto,
125,Electabuzz,,,,Kanto,
126,Magmar,,,,Kanto,
127,Pinsir,,,,Kanto,
128,Tauros,,,,Kanto,
129,Magikarp,♂,,,Kanto,
129,Magikarp,♀,,,Kanto,
130,Gyarados,♂,,,Kanto,
130,Gyarados,♀,,,Kanto,
131,Lapras,,1,,Kanto,
132,Ditto,,,,Kanto,
133,Eevee,♂,1,,Kanto,
133,Eevee,♀,1,,Kanto,
134,Vaporeon,,,,Kanto,
135,Jolteon,,,,Kanto,
136,Flareon,,,,Kanto,
137,Porygon,,,,Kanto,
138,Omanyte,,,,Kanto,
139,Omastar,,,,Kanto,
140,Kabuto,,,,Kanto,
141,Kabutops,,,,Kanto,
142,Aerodactyl,,,,Kanto,
143,Snorlax,,1,,Kanto,
144,Articuno,,,,Kanto,
145,Zapdos,,,,Kanto,
146,Moltres,,,,Kanto,
147,Dratini,,,,Kanto,
148,Dragonair,,,,Kanto,
149,Dragonite,,,,Kanto,
150,Mewtwo,,,,Kanto,
151,Mew,,,,"Kanto or Sinnoh (LGPE Pokéball Plus, BDSP)","Formerly event exclusive but is indefinitely available in BDSP (must have LGPE save data on Switch), in LGPE with a Pokéball Plus (one per Pokéball Plus), and Pokémon Go"
152,Chikorita,,,,Johto,
153,Bayleef,,,,Johto,
154,Meganium,♂,,,Johto,
154,Meganium,♀,,,Johto,
155,Cyndaquil,,,,Johto,
156,Quilava,,,,Johto,
157,Typhlosion,,,,Johto,
158,Totodile,,,,Johto,
159,Croconaw,,,,Johto,
160,Feraligatr,,,,Johto,
161,Sentret,,,,Johto,
162,Furret,,,,Johto,
163,Hoothoot,,,,Johto,
164,Noctowl,,,,Johto,
165,Ledyba,♂,,,Johto,
165,Ledyba,♀,,,Johto,
166,Ledian,♂,,,Johto,
166,Ledian,♀,,,Johto,
167,Spinarak,,,,Johto,
168,Ariados,,,,Johto,
169,Crobat,,,,Johto (or Kanto),
170,Chinchou,,,,Johto,
171,Lanturn,,,,Johto,
172,Pichu,,,,Johto,
173,Cleffa,,,,Johto,
174,Igglybuff,,,,Johto,
175,Togepi,,,,Johto,
176,Togetic,,,,Johto,
177,Natu,,,,Johto,
178,Xatu,♂,,,Johto,
178,Xatu,♀,,,Johto,
179,Mareep,,,,Johto,
180,Flaaffy,,,,Johto,
181,Ampharos,,,,Johto,
182,Bellossom,,,,Johto (or Kanto),
183,Marill,,,,Johto,
184,Azumarill,,,,Johto,
185,Sudowoodo,♂,,,Johto,
185,Sudowoodo,♀,,,Johto,
186,Politoed,♂,,,Johto (or Kanto),
186,Politoed,♀,,,Johto (or Kanto),
187,Hoppip,,,,Johto,
188,Skiploom,,,,Johto,
189,Jumpluff,,,,Johto,
190,Aipom,♂,,,Johto,
190,Aipom,♀,,,Johto,
191,Sunkern,,,,Johto,
192,Sunflora,,,,Johto,
193,Yanma,,,,Johto,
194,Wooper,♂,,,Johto,
194,Wooper,♀,,,Johto,
195,Quagsire,♂,,,Johto,
195,Quagsire,♀,,,Johto,
196,Espeon,,,,Johto (or Kanto),
197,Umbreon,,,,Johto (or Kanto),
198,Murkrow,♂,,,Johto,
198,Murkrow,♀,,,Johto,
199,Slowking,,,,Johto (or Kanto),
200,Misdreavus,,,,Johto,
201,Unown,,,Unown A,Johto,
201,Unown,,,Unown B,Johto,
201,Unown,,,Unown C,Johto,
201,Unown,,,Unown D,Johto,
201,Unown,,,Unown E,Johto,
201,Unown,,,Unown F,Johto,
201,Unown,,,Unown G,Johto,
201,Unown,,,Unown H,Johto,
201,Unown,,,Unown I,Johto,
201,Unown,,,Unown J,Johto,
201,Unown,,,Unown K,Johto,
201,Unown,,,Unown L,Johto,
201,Unown,,,Unown M,Johto,
201,Unown,,,Unown N,Johto,
201,Unown,,,Unown O,Johto,
201,Unown,,,Unown P,Johto,
201,Unown,,,Unown Q,Johto,
201,Unown,,,Unown R,Johto,
201,Unown,,,Unown S,Johto,
201,Unown,,,Unown T,Johto,
201,Unown,,,Unown U,Johto,
201,Unown,,,Unown V,Johto,
201,Unown,,,Unown W,Johto,
201,Unown,,,Unown X,Johto,
201,Unown,,,Unown Y,Johto,
201,Unown,,,Unown Z,Johto,
201,Unown,,,Unown !,Kanto (Fire Red and Leaf Green),
201,Unown,,,Unown ?,Kanto (Fire Red and Leaf Green),
202,Wobbuffet,♂,,,Johto,
202,Wobbuffet,♀,,,Johto,
203,Girafarig,♂,,,Johto,
203,Girafarig,♀,,,Johto,
204,Pineco,,,,Johto,
205,Forretress,,,,Johto,
206,Dunsparce,,,,Johto,
207,Gligar,♂,,,Johto,
207,Gligar,♀,,,Johto,
208,Steelix,♂,,,Johto (or Kanto),
208,Steelix,♀,,,Johto (or Kanto),
209,Snubbull,,,,Johto,
210,Granbull,,,,Johto,
211,Qwilfish,,,,Johto,
212,Scizor,♂,,,Johto (or Kanto),
212,Scizor,♀,,,Johto (or Kanto),
213,Shuckle,,,,Johto,
214,Heracross,♂,,,Johto,
214,Heracross,♀,,,Johto,
215,Sneasel,♂,,,Johto,
215,Sneasel,♀,,,Johto,
216,Teddiursa,,,,Johto,
217,Ursaring,♂,,,Johto,
217,Ursaring,♀,,,Johto,
218,Slugma,,,,Johto,
219,Magcargo,,,,Johto,
220,Swinub,,,,Johto,
221,Piloswine,♂,,,Johto,
221,Piloswine,♀,,,Johto,
222,Corsola,,,,Johto,
223,Remoraid,,,,Johto,
224,Octillery,♂,,,Johto,
224,Octillery,♀,,,Johto,
225,Delibird,,,,Johto,
226,Mantine,,,,Johto,
227,Skarmory,,,,Johto,
228,Houndour,,,,Johto,
229,Houndoom,♂,,,Johto,
229,Houndoom,♀,,,Johto,
230,Kingdra,,,,Johto (or Kanto),
231,Phanpy,,,,Johto,
232,Donphan,♂,,,Johto,
232,Donphan,♀,,,Johto,
233,Porygon2,,,,Johto (or Kanto),
234,Stantler,,,,Johto,
235,Smeargle,,,,Johto,
236,Tyrogue,,,,Johto,
237,Hitmontop,,,,Johto,
238,Smoochum,,,,Johto,
239,Elekid,,,,Johto,
240,Magby,,,,Johto,
241,Miltank,,,,Johto,
242,Blissey,,,,Johto (or Kanto),
243,Raikou,,,,Johto,
244,Entei,,,,Johto,
245,Suicune,,,,Johto,
246,Larvitar,,,,Johto,
247,Pupitar,,,,Johto,
248,Tyranitar,,,,Johto,
249,Lugia,,,,Johto,
250,Ho-Oh,,,,Johto,
251,Celebi,,,,Johto (Crystal Virtual Console),"Formerly event exclusive but is indefinitely obtainable in Pokémon Crystal Virtual Console (only transferable if Pokémon Bank was downloaded from 3DS eShop before it was closed in March, 2023) and Pokémon Go"
252,Treecko,,,,Hoenn,
253,Grovyle,,,,Hoenn,
254,Sceptile,,,,Hoenn,
255,Torchic,♂,,,Hoenn,
255,Torchic,♀,,,Hoenn,
256,Combusken,♂,,,Hoenn,
256,Combusken,♀,,,Hoenn,
257,Blaziken,♂,,,Hoenn,
257,Blaziken,♀,,,Hoenn,
258,Mudkip,,,,Hoenn,
259,Marshtomp,,,,Hoenn,
260,Swampert,,,,Hoenn,
261,Poochyena,,,,Hoenn,
262,Mightyena,,,,Hoenn,
263,Zigzagoon,,,,Hoenn,
264,Linoone,,,,Hoenn,
265,Wurmple,,,,Hoenn,
266,Silcoon,,,,Hoenn,
267,Beautifly,♂,,,Hoenn,
267,Beautifly,♀,,,Hoenn,
268,Cascoon,,,,Hoenn,
269,Dustox,♂,,,Hoenn,
269,Dustox,♀,,,Hoenn,
270,Lotad,,,,Hoenn,
271,Lombre,,,,Hoenn,
272,Ludicolo,♂,,,Hoenn,
272,Ludicolo,♀,,,Hoenn,
273,Seedot,,,,Hoenn,
274,Nuzleaf,♂,,,Hoenn,
274,Nuzleaf,♀,,,Hoenn,
275,Shiftry,♂,,,Hoenn,
275,Shiftry,♀,,,Hoenn,
276,Taillow,,,,Hoenn,
277,Swellow,,,,Hoenn,
278,Wingull,,,,Hoenn,
279,Pelipper,,,,Hoenn,
280,Ralts,,,,Hoenn,
281,Kirlia,,,,Hoenn,
282,Gardevoir,,,,Hoenn,
283,Surskit,,,,Hoenn,
284,Masquerain,,,,Hoenn,
285,Shroomish,,,,Hoenn,
286,Breloom,,,,Hoenn,
287,Slakoth,,,,Hoenn,
288,Vigoroth,,,,Hoenn,
289,Slaking,,,,Hoenn,
290,Nincada,,,,Hoenn,Not transferable from BDSP but is transferalbe from SWSH
291,Ninjask,,,,Hoenn,
292,Shedinja,,,,Hoenn,
293,Whismur,,,,Hoenn,
294,Loudred,,,,Hoenn,
295,Exploud,,,,Hoenn,
296,Makuhita,,,,Hoenn,
297,Hariyama,,,,Hoenn,
298,Azurill,,,,Hoenn,
299,Nosepass,,,,Hoenn,
300,Skitty,,,,Hoenn,
301,Delcatty,,,,Hoenn,
302,Sableye,,,,Hoenn,
303,Mawile,,,,Hoenn,
304,Aron,,,,Hoenn,
305,Lairon,,,,Hoenn,
306,Aggron,,,,Hoenn,
307,Meditite,♂,,,Hoenn,
307,Meditite,♀,,,Hoenn,
308,Medicham,♂,,,Hoenn,
308,Medicham,♀,,,Hoenn,
309,Electrike,,,,Hoenn,
310,Manectric,,,,Hoenn,
311,Plusle,,,,Hoenn,
312,Minun,,,,Hoenn,
313,Volbeat,,,,Hoenn,
314,Illumise,,,,Hoenn,
315,Roselia,♂,,,Hoenn,
315,Roselia,♀,,,Hoenn,
316,Gulpin,♂,,,Hoenn,
316,Gulpin,♀,,,Hoenn,
317,Swalot,♂,,,Hoenn,
317,Swalot,♀,,,Hoenn,
318,Carvanha,,,,Hoenn,
319,Sharpedo,,,,Hoenn,
320,Wailmer,,,,Hoenn,
321,Wailord,,,,Hoenn,
322,Numel,♂,,,Hoenn,
322,Numel,♀,,,Hoenn,
323,Camerupt,♂,,,Hoenn,
323,Camerupt,♀,,,Hoenn,
324,Torkoal,,,,Hoenn,
325,Spoink,,,,Hoenn,
326,Grumpig,,,,Hoenn,
327,Spinda,,,,Hoenn,"Not transferable from BDSP or Pokémon Go into Pokémon HOME, so it must be transfered from Pokémon Bank to obtain it in Pokémon HOME"
328,Trapinch,,,,Hoenn,
329,Vibrava,,,,Hoenn,
330,Flygon,,,,Hoenn,
331,Cacnea,,,,Hoenn,
332,Cacturne,♂,,,Hoenn,
332,Cacturne,♀,,,Hoenn,
333,Swablu,,,,Hoenn,
334,Altaria,,,,Hoenn,
335,Zangoose,,,,Hoenn,
336,Seviper,,,,Hoenn,
337,Lunatone,,,,Hoenn,
338,Solrock,,,,Hoenn,
339,Barboach,,,,Hoenn,
340,Whiscash,,,,Hoenn,
341,Corphish,,,,Hoenn,
342,Crawdaunt,,,,Hoenn,
343,Baltoy,,,,Hoenn,
344,Claydol,,,,Hoenn,
345,Lileep,,,,Hoenn,
346,Cradily,,,,Hoenn,
347,Anorith,,,,Hoenn,
348,Armaldo,,,,Hoenn,
349,Feebas,,,,Hoenn,
350,Milotic,♂,,,Hoenn,
350,Milotic,♀,,,Hoenn,
351,Castform,,,,Hoenn,
352,Kecleon,,,,Hoenn,
353,Shuppet,,,,Hoenn,
354,Banette,,,,Hoenn,
355,Duskull,,,,Hoenn,
356,Dusclops,,,,Hoenn,
357,Tropius,,,,Hoenn,
358,Chimecho,,,,Hoenn,
359,Absol,,,,Hoenn,
360,Wynaut,,,,Hoenn,
361,Snorunt,,,,Hoenn,
362,Glalie,,,,Hoenn,
363,Spheal,,,,Hoenn,
364,Sealeo,,,,Hoenn,
365,Walrein,,,,Hoenn,
366,Clamperl,,,,Hoenn,
367,Huntail,,,,Hoenn,
368,Gorebyss,,,,Hoenn,
369,Relicanth,♂,,,Hoenn,
369,Relicanth,♀,,,Hoenn,
370,Luvdisc,,,,Hoenn,
371,Bagon,,,,Hoenn,
372,Shelgon,,,,Hoenn,
373,Salamence,,,,Hoenn,
374,Beldum,,,,Hoenn,
375,Metang,,,,Hoenn,
376,Metagross,,,,Hoenn,
377,Regirock,,,,Hoenn,
378,Regice,,,,Hoenn,
379,Registeel,,,,Hoenn,
380,Latias,,,,Hoenn,
381,Latios,,,,Hoenn,
382,Kyogre,,,,Hoenn,
383,Groudon,,,,Hoenn,
384,Rayquaza,,,,Hoenn,
385,Jirachi,,,,Sinnoh (BDSP) or Hoenn (Wish Maker Jirachi from Pokémon Colosseum bonus disk is indefinitely available but not with your own OT),"Formerly event exclusive but is indefinitely available in BDSP (must have SWSH save data on Switch) and Pokémon Go; can still be uptained through Pokémon Colossum or XD Gale of Darkness bonus disk, but without your own trainer ID"
386,Deoxys,,,Normal Forme,Hoenn (Omega Ruby and Alpha Sapphire),"Formerly event exclusive but is indefinitely available as end game Delta Mission in ORAS (only transferable if Pokémon Bank was downloaded from 3DS eShop before it was closed in March, 2023); reaccuringly available through Raid Events in Pokémon Go"
386,Deoxys,,,Attack Forme,Hoenn (Omega Ruby and Alpha Sapphire),"Formerly event exclusive but is indefinitely available as end game Delta Mission in ORAS (only transferable if Pokémon Bank was downloaded from 3DS eShop before it was closed in March, 2023); reaccuringly available through Raid Events in Pokémon Go"
386,Deoxys,,,Defense Forme,Hoenn (Omega Ruby and Alpha Sapphire),"Formerly event exclusive but is indefinitely available as end game Delta Mission in ORAS (only transferable if Pokémon Bank was downloaded from 3DS eShop before it was closed in March, 2023); reaccuringly available through Raid Events in Pokémon Go"
386,Deoxys,,,Speed Forme,Hoenn (Omega Ruby and Alpha Sapphire),"Formerly event exclusive but is indefinitely available as end game Delta Mission in ORAS (only transferable if Pokémon Bank was downloaded from 3DS eShop before it was closed in March, 2023); reaccuringly available through Raid Events in Pokémon Go"
387,Turtwig,,,,Sinnoh,
388,Grotle,,,,Sinnoh,
389,Torterra,,,,Sinnoh,
390,Chimchar,,,,Sinnoh,
391,Monferno,,,,Sinnoh,
392,Infernape,,,,Sinnoh,
393,Piplup,,,,Sinnoh,
394,Prinplup,,,,Sinnoh,
395,Empoleon,,,,Sinnoh,
396,Starly,♂,,,Sinnoh,
396,Starly,♀,,,Sinnoh,
397,Staravia,♂,,,Sinnoh,
397,Staravia,♀,,,Sinnoh,
398,Staraptor,♂,,,Sinnoh,
398,Staraptor,♀,,,Sinnoh,
399,Bidoof,♂,,,Sinnoh,
399,Bidoof,♀,,,Sinnoh,
400,Bibarel,♂,,,Sinnoh,
400,Bibarel,♀,,,Sinnoh,
401,Kricketot,♂,,,Sinnoh,
401,Kricketot,♀,,,Sinnoh,
402,Kricketune,♂,,,Sinnoh,
402,Kricketune,♀,,,Sinnoh,
403,Shinx,♂,,,Sinnoh,
403,Shinx,♀,,,Sinnoh,
404,Luxio,♂,,,Sinnoh,
404,Luxio,♀,,,Sinnoh,
405,Luxray,♂,,,Sinnoh,
405,Luxray,♀,,,Sinnoh,
406,Budew,,,,Sinnoh,
407,Roserade,♂,,,Sinnoh (or Hoenn),
407,Roserade,♀,,,Sinnoh (or Hoenn),
408,Cranidos,,,,Sinnoh,
409,Rampardos,,,,Sinnoh,
410,Shieldon,,,,Sinnoh,
411,Bastiodon,,,,Sinnoh,
412,Burmy,,,Plant Cloak,Sinnoh,
412,Burmy,,,Sandy Cloak,Sinnoh,
412,Burmy,,,Trash Cloak,Sinnoh,
413,Wormadam,,,Plant Cloak,Sinnoh,
413,Wormadam,,,Sandy Cloak,Sinnoh,
413,Wormadam,,,Trash Cloak,Sinnoh,
414,Mothim,,,,Sinnoh,
415,Combee,♂,,,Sinnoh,
415,Combee,♀,,,Sinnoh,
416,Vespiquen,,,,Sinnoh,
417,Pachirisu,♂,,,Sinnoh,
417,Pachirisu,♀,,,Sinnoh,
418,Buizel,♂,,,Sinnoh,
418,Buizel,♀,,,Sinnoh,
419,Floatzel,♂,,,Sinnoh,
419,Floatzel,♀,,,Sinnoh,
420,Cherubi,,,,Sinnoh,
421,Cherrim,,,,Sinnoh,
422,Shellos,,,West Coast Form,Sinnoh,
422,Shellos,,,East Coast Form,Sinnoh,
423,Gastrodon,,,West Coast Form,Sinnoh,
423,Gastrodon,,,East Coast Form,Sinnoh,
424,Ambipom,♂,,,Sinnoh (or Johto),
424,Ambipom,♀,,,Sinnoh (or Johto),
425,Drifloon,,,,Sinnoh,
426,Drifblim,,,,Sinnoh,
427,Buneary,,,,Sinnoh,
428,Lopunny,,,,Sinnoh,
429,Mismagius,,,,Sinnoh (or Johto),
430,Honchkrow,,,,Sinnoh (or Johto),
431,Glameow,,,,Sinnoh,
432,Purugly,,,,Sinnoh,
433,Chingling,,,,Sinnoh,
434,Stunky,,,,Sinnoh,
435,Skuntank,,,,Sinnoh,
436,Bronzor,,,,Sinnoh,
437,Bronzong,,,,Sinnoh,
438,Bonsly,,,,Sinnoh,
439,Mime Jr.,,,,Sinnoh,
440,Happiny,,,,Sinnoh,
441,Chatot,,,,Sinnoh,
442,Spiritomb,,,,Sinnoh,
443,Gible,♂,,,Sinnoh,
443,Gible,♀,,,Sinnoh,
444,Gabite,♂,,,Sinnoh,
444,Gabite,♀,,,Sinnoh,
445,Garchomp,♂,,,Sinnoh,
445,Garchomp,♀,,,Sinnoh,
446,Munchlax,,,,Sinnoh,
447,Riolu,,,,Sinnoh,
448,Lucario,,,,Sinnoh,
449,Hippopotas,♂,,,Sinnoh,
449,Hippopotas,♀,,,Sinnoh,
450,Hippowdon,♂,,,Sinnoh,
450,Hippowdon,♀,,,Sinnoh,
451,Skorupi,,,,Sinnoh,
452,Drapion,,,,Sinnoh,
453,Croagunk,♂,,,Sinnoh,
453,Croagunk,♀,,,Sinnoh,
454,Toxicroak,♂,,,Sinnoh,
454,Toxicroak,♀,,,Sinnoh,
455,Carnivine,,,,Sinnoh,
456,Finneon,♂,,,Sinnoh,
456,Finneon,♀,,,Sinnoh,
457,Lumineon,♂,,,Sinnoh,
457,Lumineon,♀,,,Sinnoh,
458,Mantyke,,,,Sinnoh,
459,Snover,♂,,,Sinnoh,
459,Snover,♀,,,Sinnoh,
460,Abomasnow,♂,,,Sinnoh,
460,Abomasnow,♀,,,Sinnoh,
461,Weavile,♂,,,Sinnoh (or Johto),
461,Weavile,♀,,,Sinnoh (or Johto),
462,Magnezone,,,,Sinnoh (or Kanto),
463,Lickilicky,,,,Sinnoh (or Kanto),
464,Rhyperior,♂,,,Sinnoh (or Kanto),
464,Rhyperior,♀,,,Sinnoh (or Kanto),
465,Tangrowth,♂,,,Sinnoh (or Kanto),
465,Tangrowth,♀,,,Sinnoh (or Kanto),
466,Electivire,,,,Sinnoh (or Kanto),
467,Magmortar,,,,Sinnoh (or Kanto),
468,Togekiss,,,,Sinnoh (or Johto),
469,Yanmega,,,,Sinnoh (or Johto),
470,Leafeon,,,,Sinnoh (or Kanto),
471,Glaceon,,,,Sinnoh (or Kanto),
472,Gliscor,,,,Sinnoh (or Johto),
473,Mamoswine,♂,,,Sinnoh (or Johto),
473,Mamoswine,♀,,,Sinnoh (or Johto),
474,Porygon-Z,,,,Sinnoh (or Kanto),
475,Gallade,,,,Sinnoh (or Hoenn),
476,Probopass,,,,Sinnoh (or Hoenn),
477,Dusknoir,,,,Sinnoh (or Hoenn),
478,Froslass,,,,Sinnoh (or Hoenn),
479,Rotom,,,Normal Rotom,Sinnoh,
479,Rotom,,,Heat Rotom,Sinnoh,
479,Rotom,,,Wash Rotom,Sinnoh,
479,Rotom,,,Frost Rotom,Sinnoh,
479,Rotom,,,Fan Rotom,Sinnoh,
479,Rotom,,,Mow Rotom,Sinnoh,
480,Uxie,,,,Sinnoh,
481,Mesprit,,,,Sinnoh,
482,Azelf,,,,Sinnoh,
483,Dialga,,,,Sinnoh,
484,Palkia,,,,Sinnoh,
485,Heatran,,,,Sinnoh,
486,Regigigas,,,,Sinnoh,
487,Giratina,,,,Sinnoh,
488,Cresselia,,,,Sinnoh,
489,Phione,,,,"Hisui or Sinnoh (trade to get a Phione or Manaphy from Pokémon Ranger, one per cartridge, or send to BDSP from PLA to breed)",Formerly event exclusive but is indefinitely available in PLA or any game where Phione or Manaphy is already obtained and breedable
490,Manaphy,,,,"Hisui or Sinnoh (from Pokémon Ranger, one per cartridge)",Formerly event exclusive but is indefinitely available in PLA
491,Darkrai,,,,Hisui,Formerly event exclusive but is indefinitely available in PLA (must have save data from BDSP on Switch); reaccuringly available through Raid Events in Pokémon Go
492,Shaymin,,,Land Forme,Hisui,Formerly event exclusive but is indefinitely available in PLA (must have save data from SWSH on Switch) and Pokémon Go
492,Shaymin,,,Sky Forme,Hisui,Formerly event exclusive but is indefinitely available in PLA (must have save data from SWSH on Switch) and Pokémon Go
493,Arceus,,,,Hisui or Sinnoh (can be caught in PLA or BDSP),Formerly event exclusive but is indefinitely available in PLA and BDSP (with PLA save data on Switch)
494,Victini,,,,Event or Pokémon Go,Formerly event exclusive but is indefinitely available in Pokémon Go
495,Snivy,,,,Unova,
496,Servine,,,,Unova,
497,Serperior,,,,Unova,
498,Tepig,,,,Unova,
499,Pignite,,,,Unova,
500,Emboar,,,,Unova,
501,Oshawott,,,,Unova,
502,Dewott,,,,Unova,
503,Samurott,,,,Unova,
504,Patrat,,,,Unova,
505,Watchog,,,,Unova,
506,Lillipup,,,,Unova,
507,Herdier,,,,Unova,
508,Stoutland,,,,Unova,
509,Purrloin,,,,Unova,
510,Liepard,,,,Unova,
511,Pansage,,,,Unova,
512,Simisage,,,,Unova,
513,Pansear,,,,Unova,
514,Simisear,,,,Unova,
515,Panpour,,,,Unova,
516,Simipour,,,,Unova,
517,Munna,,,,Unova,
518,Musharna,,,,Unova,
519,Pidove,,,,Unova,
520,Tranquill,,,,Unova,
521,Unfezant,♂,,,Unova,
521,Unfezant,♀,,,Unova,
522,Blitzle,,,,Unova,
523,Zebstrika,,,,Unova,
524,Roggenrola,,,,Unova,
525,Boldore,,,,Unova,
526,Gigalith,,,,Unova,
527,Woobat,,,,Unova,
528,Swoobat,,,,Unova,
529,Drilbur,,,,Unova,
530,Excadrill,,,,Unova,
531,Audino,,,,Unova,
532,Timburr,,,,Unova,
533,Gurdurr,,,,Unova,
534,Conkeldurr,,,,Unova,
535,Tympole,,,,Unova,
536,Palpitoad,,,,Unova,
537,Seismitoad,,,,Unova,
538,Throh,,,,Unova,
539,Sawk,,,,Unova,
540,Sewaddle,,,,Unova,
541,Swadloon,,,,Unova,
542,Leavanny,,,,Unova,
543,Venipede,,,,Unova,
544,Whirlipede,,,,Unova,
545,Scolipede,,,,Unova,
546,Cottonee,,,,Unova,
547,Whimsicott,,,,Unova,
548,Petilil,,,,Unova,
549,Lilligant,,,,Unova,
550,Basculin,,,Red-Striped Form,Unova,
550,Basculin,,,Blue-Striped Form,Unova,
551,Sandile,,,,Unova,
552,Krokorok,,,,Unova,
553,Krookodile,,,,Unova,
554,Darumaka,,,,Unova,
555,Darmanitan,,,,Unova,
556,Maractus,,,,Unova,
557,Dwebble,,,,Unova,
558,Crustle,,,,Unova,
559,Scraggy,,,,Unova,
560,Scrafty,,,,Unova,
561,Sigilyph,,,,Unova,
562,Yamask,,,,Unova,
563,Cofagrigus,,,,Unova,
564,Tirtouga,,,,Unova,
565,Carracosta,,,,Unova,
566,Archen,,,,Unova,
567,Archeops,,,,Unova,
568,Trubbish,,,,Unova,
569,Garbodor,,1,,Unova,
570,Zorua,,,,Unova,
571,Zoroark,,,,Unova,
572,Minccino,,,,Unova,
573,Cinccino,,,,Unova,
574,Gothita,,,,Unova,
575,Gothorita,,,,Unova,
576,Gothitelle,,,,Unova,
577,Solosis,,,,Unova,
578,Duosion,,,,Unova,
579,Reuniclus,,,,Unova,
580,Ducklett,,,,Unova,
581,Swanna,,,,Unova,
582,Vanillite,,,,Unova,
583,Vanillish,,,,Unova,
584,Vanilluxe,,,,Unova,
585,Deerling,,,Spring Form,Unova,
585,Deerling,,,Summer Form,Unova,
585,Deerling,,,Autumn Form,Unova,
585,Deerling,,,Winter Form,Unova,
586,Sawsbuck,,,Spring Form,Unova,
586,Sawsbuck,,,Summer Form,Unova,
586,Sawsbuck,,,Autumn Form,Unova,
586,Sawsbuck,,,Winter Form,Unova,
587,Emolga,,,,Unova,
588,Karrablast,,,,Unova,
589,Escavalier,,,,Unova,
590,Foongus,,,,Unova,
591,Amoonguss,,,,Unova,
592,Frillish,♂,,,Unova,
592,Frillish,♀,,,Unova,
593,Jellicent,♂,,,Unova,
593,Jellicent,♀,,,Unova,
594,Alomomola,,,,Unova,
595,Joltik,,,,Unova,
596,Galvantula,,,,Unova,
597,Ferroseed,,,,Unova,
598,Ferrothorn,,,,Unova,
599,Klink,,,,Unova,
600,Klang,,,,Unova,
601,Klinklang,,,,Unova,
602,Tynamo,,,,Unova,
603,Eelektrik,,,,Unova,
604,Eelektross,,,,Unova,
605,Elgyem,,,,Unova,
606,Beheeyem,,,,Unova,
607,Litwick,,,,Unova,
608,Lampent,,,,Unova,
609,Chandelure,,,,Unova,
610,Axew,,,,Unova,
611,Fraxure,,,,Unova,
612,Haxorus,,,,Unova,
613,Cubchoo,,,,Unova,
614,Beartic,,,,Unova,
615,Cryogonal,,,,Unova,
616,Shelmet,,,,Unova,
617,Accelgor,,,,Unova,
618,Stunfisk,,,,Unova,
619,Mienfoo,,,,Unova,
620,Mienshao,,,,Unova,
621,Druddigon,,,,Unova,
622,Golett,,,,Unova,
623,Golurk,,,,Unova,
624,Pawniard,,,,Unova,
625,Bisharp,,,,Unova,
626,Bouffalant,,,,Unova,
627,Rufflet,,,,Unova,
628,Braviary,,,,Unova,
629,Vullaby,,,,Unova,
630,Mandibuzz,,,,Unova,
631,Heatmor,,,,Unova,
632,Durant,,,,Unova,
633,Deino,,,,Unova,
634,Zweilous,,,,Unova,
635,Hydreigon,,,,Unova,
636,Larvesta,,,,Unova,
637,Volcarona,,,,Unova,
638,Cobalion,,,,Unova,
639,Terrakion,,,,Unova,
640,Virizion,,,,Unova,
641,Tornadus,,,Incarnate Forme,Unova (can come from Dream Radar),
641,Tornadus,,,Therian Forme,Unova (can come from Dream Radar),
642,Thundurus,,,Incarnate Forme,Unova (can come from Dream Radar),
642,Thundurus,,,Therian Forme,Unova (can come from Dream Radar),
643,Reshiram,,,,Unova,
644,Zekrom,,,,Unova,
645,Landorus,,,Incarnate Forme,Unova (can come from Dream Radar),
645,Landorus,,,Therian Forme,Unova (can come from Dream Radar),
646,Kyurem,,,,Unova,
647,Keldeo,,,Ordinary Form,Galar,Formerly event exclusive but is indefinitely obtainable in SWSH Crown Tundra DLC
647,Keldeo,,,Resolute Form,Galar,Formerly event exclusive but is indefinitely obtainable in SWSH Crown Tundra DLC
648,Meloetta,,,,Event or Pokémon Go,Formerly event exclusive but is indefinitely available in SV Indigo Disk DLC and Pokémon Go
649,Genesect,,,,Event,"Event exclusive; reaccuringly, but not consistently, available through Max Raid Events in Pokémon Go"
650,Chespin,,,,Kalos,
651,Quilladin,,,,Kalos,
652,Chesnaught,,,,Kalos,
653,Fennekin,,,,Kalos,
654,Braixen,,,,Kalos,
655,Delphox,,,,Kalos,
656,Froakie,,,,Kalos,
657,Frogadier,,,,Kalos,
658,Greninja,,,,Kalos,
658,Greninja,,,Battle Bond Special Ability,Alola (Pokémon Sun and Pokémon Moon Demo to full copies of Pokémon Sun and Pokémon Moon),"Indefinitely available by transfer from the Pokémon Sun and Pokémon Moon Demo to full copies of Pokémon Sun and Pokémon Moon (only transferable if Pokémon Bank was downloaded from 3DS eShop before it was closed in March, 2023); cannot be bred or evolved into"
659,Bunnelby,,,,Kalos,
660,Diggersby,,,,Kalos,
661,Fletchling,,,,Kalos,
662,Fletchinder,,,,Kalos,
663,Talonflame,,,,Kalos,
664,Scatterbug,,,,Kalos,
665,Spewpa,,,,Kalos,
666,Vivillon,,,Icy Snow Pattern,Kalos,
666,Vivillon,,,Polar Pattern,Kalos,
666,Vivillon,,,Tundra Pattern,Kalos,
666,Vivillon,,,Continental Pattern,Kalos,
666,Vivillon,,,Garden Pattern,Kalos,
666,Vivillon,,,Elegant Pattern,Kalos,
666,Vivillon,,,Meadow Pattern,Kalos,
666,Vivillon,,,Modern Pattern,Kalos,
666,Vivillon,,,Marine Pattern,Kalos,
666,Vivillon,,,Archipelago Pattern,Kalos,
666,Vivillon,,,High Plains Pattern,Kalos,
666,Vivillon,,,Sandstorm Pattern,Kalos,
666,Vivillon,,,River Pattern,Kalos,
666,Vivillon,,,Monsoon Pattern,Kalos,
666,Vivillon,,,Savanna Pattern,Kalos,
666,Vivillon,,,Sun Pattern,Kalos,
666,Vivillon,,,Ocean Pattern,Kalos,
666,Vivillon,,,Jungle Pattern,Kalos,
666,Vivillon,,,Fancy Pattern,Paldea,"Formerly event exclusive, but is indefinitely available in SV"
666,Vivillon,,,Poké Ball Pattern,Event,Event exclusive
667,Litleo,,,,Kalos,
668,Pyroar,♂,,,Kalos,
668,Pyroar,♀,,,Kalos,
669,Flabébé,,,Red Flower,Kalos,
669,Flabébé,,,Yellow Flower,Kalos,
669,Flabébé,,,Orange Flower,Kalos,
669,Flabébé,,,Blue Flower,Kalos,
669,Flabébé,,,White Flower,Kalos,
670,Floette,,,Red Flower,Kalos,
670,Floette,,,Yellow Flower,Kalos,
670,Floette,,,Orange Flower,Kalos,
670,Floette,,,Blue Flower,Kalos,
670,Floette,,,White Flower,Kalos,
671,Florges,,,Red Flower,Kalos,
671,Florges,,,Yellow Flower,Kalos,
671,Florges,,,Orange Flower,Kalos,
671,Florges,,,Blue Flower,Kalos,
671,Florges,,,White Flower,Kalos,
672,Skiddo,,,,Kalos,
673,Gogoat,,,,Kalos,
674,Pancham,,,,Kalos,
675,Pangoro,,,,Kalos,
676,Furfrou,,,Natural Form,Kalos,
676,Furfrou,,,Heart Trim,Kalos (only available from Pokémon Go for now though),Only transferable to Pokémon Home through Pokémon Go; trims cannot be sent to Pokémon Bank from any game and Furfrou cannot be transfered to any Pokémon game with HOME compatability; Heart Trim is currently event exclusive (specifically around Valentines Day in Pokémon Go)
676,Furfrou,,,Star Trim,Kalos (only available from Pokémon Go for now though),Only transferable to Pokémon Home through Pokémon Go; trims cannot be sent to Pokémon Bank from any game and Furfrou cannot be transfered to any Pokémon game with HOME compatability
676,Furfrou,,,Diamond Trim,Kalos (only available from Pokémon Go for now though),Only transferable to Pokémon Home through Pokémon Go; trims cannot be sent to Pokémon Bank from any game and Furfrou cannot be transfered to any Pokémon game with HOME compatability
676,Furfrou,,,Debutante Trim,Kalos (only available from Pokémon Go for now though),Only transferable to Pokémon Home through Pokémon Go; trims cannot be sent to Pokémon Bank from any game and Furfrou cannot be transfered to any Pokémon game with HOME compatability
676,Furfrou,,,Matron Trim,Kalos (only available from Pokémon Go for now though),Only transferable to Pokémon Home through Pokémon Go; trims cannot be sent to Pokémon Bank from any game and Furfrou cannot be transfered to any Pokémon game with HOME compatability
676,Furfrou,,,Dandy Trim,Kalos (only available from Pokémon Go for now though),Only transferable to Pokémon Home through Pokémon Go; trims cannot be sent to Pokémon Bank from any game and Furfrou cannot be transfered to any Pokémon game with HOME compatability
676,Furfrou,,,La Reine Trim,Kalos (only available from Pokémon Go for now though),Only transferable to Pokémon Home through Pokémon Go; trims cannot be sent to Pokémon Bank from any game and Furfrou cannot be transfered to any Pokémon game with HOME compatability
676,Furfrou,,,Kabuki Trim,Kalos (only available from Pokémon Go for now though),Only transferable to Pokémon Home through Pokémon Go; trims cannot be sent to Pokémon Bank from any game and Furfrou cannot be transfered to any Pokémon game with HOME compatability
676,Furfrou,,,Pharaoh Trim,Kalos (only available from Pokémon Go for now though),Only transferable to Pokémon Home through Pokémon Go; trims cannot be sent to Pokémon Bank from any game and Furfrou cannot be transfered to any Pokémon game with HOME compatability
677,Espurr,,,,Kalos,
678,Meowstic,♂,,,Kalos,
678,Meowstic,♀,,,Kalos,
679,Honedge,,,,Kalos,
680,Doublade,,,,Kalos,
681,Aegislash,,,,Kalos,
682,Spritzee,,,,Kalos,
683,Aromatisse,,,,Kalos,
684,Swirlix,,,,Kalos,
685,Slurpuff,,,,Kalos,
686,Inkay,,,,Kalos,
687,Malamar,,,,Kalos,
688,Binacle,,,,Kalos,
689,Barbaracle,,,,Kalos,
690,Skrelp,,,,Kalos,
691,Dragalge,,,,Kalos,
692,Clauncher,,,,Kalos,
693,Clawitzer,,,,Kalos,
694,Helioptile,,,,Kalos,
695,Heliolisk,,,,Kalos,
696,Tyrunt,,,,Kalos,
697,Tyrantrum,,,,Kalos,
698,Amaura,,,,Kalos,
699,Aurorus,,,,Kalos,
700,Sylveon,,,,Kalos (or Kanto),
701,Hawlucha,,,,Kalos,
702,Dedenne,,,,Kalos,
703,Carbink,,,,Kalos,
704,Goomy,,,,Kalos,
705,Sliggoo,,,,Kalos,
706,Goodra,,,,Kalos,
707,Klefki,,,,Kalos,
708,Phantump,,,,Kalos,
709,Trevenant,,,,Kalos,
710,Pumpkaboo,,,Small Size,Kalos,
710,Pumpkaboo,,,Average Size,Kalos,
710,Pumpkaboo,,,Large Size,Kalos,
710,Pumpkaboo,,,Super Size,Kalos,
711,Gourgeist,,,Small Size,Kalos,
711,Gourgeist,,,Average Size,Kalos,
711,Gourgeist,,,Large Size,Kalos,
711,Gourgeist,,,Super Size,Kalos,
712,Bergmite,,,,Kalos,
713,Avalugg,,,,Kalos,
714,Noibat,,,,Kalos,
715,Noivern,,,,Kalos,
716,Xerneas,,,,Kalos,
717,Yveltal,,,,Kalos,
718,Zygarde,,,10% Forme with Power Construct Ability,Kalos,
718,Zygarde,,,50% Forme with Power Construct Ability,Kalos,
719,Diancie,,,,Event,"Event exclusive; has been made available in Pokémon Go through an event, but is not reaccuring"
720,Hoopa,,,Hoopa Confined,Event,"Event exclusive; has been made available in Pokémon Go through an event, but is not reaccuring"
720,Hoopa,,,Hoopa Unbound,Event,"Event exclusive; has been made available in Pokémon Go through an event, but is not reaccuring"
721,Volcanion,,,,Event,Event exclusive
722,Rowlet,,,,Alola,
723,Dartrix,,,,Alola,
724,Decidueye,,,,Alola,
725,Litten,,,,Alola,
726,Torracat,,,,Alola,
727,Incineroar,,,,Alola,
728,Popplio,,,,Alola,
729,Brionne,,,,Alola,
730,Primarina,,,,Alola,
731,Pikipek,,,,Alola,
732,Trumbeak,,,,Alola,
733,Toucannon,,,,Alola,
734,Yungoos,,,,Alola,
735,Gumshoos,,,,Alola,
736,Grubbin,,,,Alola,
737,Charjabug,,,,Alola,
738,Vikavolt,,,,Alola,
739,Crabrawler,,,,Alola,
740,Crabominable,,,,Alola,
741,Oricorio,,,Baile Style,Alola,
741,Oricorio,,,Pom-Pom Style,Alola,
741,Oricorio,,,Pa'u Style,Alola,
741,Oricorio,,,Sensu Style,Alola,
742,Cutiefly,,,,Alola,
743,Ribombee,,,,Alola,
744,Rockruff,,,,Alola,
744,Rockruff,,,Own Tempo Special Ability,"Galar or Alola (event exclusive in Alola unless traded for with someone else, but indefinitely available in Galar)","Formerly event exclusive, but is indefinitely available in SWSH Isle of Armor DLC and SV"
745,Lycanroc,,,Midday Form,Alola,
745,Lycanroc,,,Midnight Form,Alola,
745,Lycanroc,,,Dusk Form,"Galar or Alola (event exclusive in Alola unless traded for with someone else, but indefinitely available in Galar)","Formerly event exclusive, but is indefinitely available in SWSH Isle of Armor DLC and SV"
746,Wishiwashi,,,,Alola,
747,Mareanie,,,,Alola,
748,Toxapex,,,,Alola,
749,Mudbray,,,,Alola,
750,Mudsdale,,,,Alola,
751,Dewpider,,,,Alola,
752,Araquanid,,,,Alola,
753,Fomantis,,,,Alola,
754,Lurantis,,,,Alola,
755,Morelull,,,,Alola,
756,Shiinotic,,,,Alola,
757,Salandit,,,,Alola,
758,Salazzle,,,,Alola,
759,Stufful,,,,Alola,
760,Bewear,,,,Alola,
761,Bounsweet,,,,Alola,
762,Steenee,,,,Alola,
763,Tsareena,,,,Alola,
764,Comfey,,,,Alola,
765,Oranguru,,,,Alola,
766,Passimian,,,,Alola,
767,Wimpod,,,,Alola,
768,Golisopod,,,,Alola,
769,Sandygast,,,,Alola,
770,Palossand,,,,Alola,
771,Pyukumuku,,,,Alola,
772,Type: Null,,,,Alola,
773,Silvally,,,,Alola,
774,Minior,,,Red Core,Alola,
774,Minior,,,Orange Core,Alola,
774,Minior,,,Yellow Core,Alola,
774,Minior,,,Green Core,Alola,
774,Minior,,,Blue Core,Alola,
774,Minior,,,Indigo Core,Alola,
774,Minior,,,Violet Core,Alola,
775,Komala,,,,Alola,
776,Turtonator,,,,Alola,
777,Togedemaru,,,,Alola,
778,Mimikyu,,,,Alola,
779,Bruxish,,,,Alola,
780,Drampa,,,,Alola,
781,Dhelmise,,,,Alola,
782,Jangmo-o,,,,Alola,
783,Hakamo-o,,,,Alola,
784,Kommo-o,,,,Alola,
785,Tapu Koko,,,,Alola,
786,Tapu Lele,,,,Alola,
787,Tapu Bulu,,,,Alola,
788,Tapu Fini,,,,Alola,
789,Cosmog,,,,Alola,
790,Cosmoem,,,,Alola,
791,Solgaleo,,,,Alola,
792,Lunala,,,,Alola,
793,Nihilego,,,,Alola,
794,Buzzwole,,,,Alola,
795,Pheromosa,,,,Alola,
796,Xurkitree,,,,Alola,
797,Celesteela,,,,Alola,
798,Kartana,,,,Alola,
799,Guzzlord,,,,Alola,
800,Necrozma,,,,Alola,
801,Magearna,,,,Alola,"Indefinitely available by scanning a QR code in Gen 7 games (only transferable if Pokémon Bank was downloaded from 3DS eShop before it was closed in March, 2023)"
801,Magearna,,,Original Color Magearna,Home,"Indefinitely available as a Pokémon Home gift for completing the National Dex, including mythicals"
802,Marshadow,,,,Event,Event exclusive
803,Poipole,,,,Alola,
804,Naganadel,,,,Alola,
805,Stakataka,,,,Alola,
806,Blacephalon,,,,Alola,
807,Zeraora,,,,Event,Event exclusive
19,Rattata,,,Alolan Form,Alola,
20,Raticate,,,Alolan Form,Alola,
26,Raichu,,,Alolan Form,Alola (or Kanto),
27,Sandshrew,,,Alolan Form,Alola,
28,Sandslash,,,Alolan Form,Alola,
37,Vulpix,,,Alolan Form,Alola,
38,Ninetales,,,Alolan Form,Alola,
50,Diglett,,,Alolan Form,Alola,
51,Dugtrio,,,Alolan Form,Alola,
52,Meowth,,,Alolan Form,Alola,
53,Persian,,,Alolan Form,Alola,
74,Geodude,,,Alolan Form,Alola,
75,Graveler,,,Alolan Form,Alola,
76,Golem,,,Alolan Form,Alola,
88,Grimer,,,Alolan Form,Alola,
89,Muk,,,Alolan Form,Alola,
103,Exeggutor,,,Alolan Form,Alola (or Kanto),
105,Marowak,,,Alolan Form,Alola (or Kanto),
808,Meltan,,,,Pokémon Go,Indefinitely available by transfer from Pokémon Go
809,Melmetal,,,,Pokémon Go,Indefinitely available by transfer from Pokémon Go
809,Melmetal,,1,,Home,Event exclusive (Pokémon Home gift for transfering Pokémon from Pokémon Go for the first time); the GM factor cannot be given to Melmetal in game and must be obtained through an event
810,Grookey,,,,Galar,
811,Thwackey,,,,Galar,
812,Rillaboom,,1,,Galar,
813,Scorbunny,,,,Galar,
814,Raboot,,,,Galar,
815,Cinderace,,1,,Galar,
816,Sobble,,,,Galar,
817,Drizzile,,,,Galar,
818,Inteleon,,1,,Galar,
819,Skwovet,,,,Galar,
820,Greedent,,,,Galar,
821,Rookidee,,,,Galar,
822,Corvisquire,,,,Galar,
823,Corviknight,,1,,Galar,
824,Blipbug,,,,Galar,
825,Dottler,,,,Galar,
826,Orbeetle,,1,,Galar,
827,Nickit,,,,Galar,
828,Thievul,,,,Galar,
829,Gossifleur,,,,Galar,
830,Eldegoss,,,,Galar,
831,Wooloo,,,,Galar,
832,Dubwool,,,,Galar,
833,Chewtle,,,,Galar,
834,Drednaw,,1,,Galar,
835,Yamper,,,,Galar,
836,Boltund,,,,Galar,
837,Rolycoly,,,,Galar,
838,Carkol,,,,Galar,
839,Coalossal,,1,,Galar,
840,Applin,,,,Galar,
841,Flapple,,1,,Galar,
842,Appletun,,1,,Galar,
843,Silicobra,,,,Galar,
844,Sandaconda,,1,,Galar,
845,Cramorant,,,,Galar,
846,Arrokuda,,,,Galar,
847,Barraskewda,,,,Galar,
848,Toxel,,,,Galar,
849,Toxtricity,,1,Amped Form,Galar,
849,Toxtricity,,1,Low Key Form,Galar,
850,Sizzlipede,,,,Galar,
851,Centiskorch,,1,,Galar,
852,Clobbopus,,,,Galar,
853,Grapploct,,,,Galar,
854,Sinistea,,,Phony Form,Galar,
854,Sinistea,,,Antique Form,Galar,
855,Polteageist,,,Phony Form,Galar,
855,Polteageist,,,Antique Form,Galar,
856,Hatenna,,,,Galar,
857,Hattrem,,,,Galar,
858,Hatterene,,1,,Galar,
859,Impidimp,,,,Galar,
860,Morgrem,,,,Galar,
861,Grimmsnarl,,1,,Galar,
862,Obstagoon,,,,Galar,
863,Perrserker,,,,Galar,
864,Cursola,,,,Galar,
865,Sirfetch'd,,,,Galar,
866,Mr. Rime,,,,Galar (or Sinnoh),
867,Runerigus,,,,Galar,
868,Milcery,,,,Galar,
869,Alcremie,,1,Vanilla Cream Strawberry Alcremie,Galar,Only one needs the GM factor to have the form registered
869,Alcremie,,1,Vanilla CreamBerry Alcremie,Galar,Only one needs the GM factor to have the form registered
869,Alcremie,,1,Vanilla Cream Love Alcremie,Galar,Only one needs the GM factor to have the form registered
869,Alcremie,,1,Vanilla Cream Star Alcremie,Galar,Only one needs the GM factor to have the form registered
869,Alcremie,,1,Vanilla Cream Clover Alcremie,Galar,Only one needs the GM factor to have the form registered
869,Alcremie,,1,Vanilla Cream Flower Alcremie,Galar,Only one needs the GM factor to have the form registered
869,Alcremie,,1,Vanilla Cream Ribbon Alcremie,Galar,Only one needs the GM factor to have the form registered
869,Alcremie,,1,Ruby Cream Strawberry Alcremie,Galar,Only one needs the GM factor to have the form registered
869,Alcremie,,1,Ruby Cream Berry Alcremie,Galar,Only one needs the GM factor to have the form registered
869,Alcremie,,1,Ruby Cream Love Alcremie,Galar,Only one needs the GM factor to have the form registered
869,Alcremie,,1,Ruby Cream Star Alcremie,Galar,Only one needs the GM factor to have the form registered
869,Alcremie,,1,Ruby Cream Clover Alcremie,Galar,Only one needs the GM factor to have the form registered
869,Alcremie,,1,Ruby Cream Flower Alcremie,Galar,Only one needs the GM factor to have the form registered
869,Alcremie,,1,Ruby Cream Ribbon Alcremie,Galar,Only one needs the GM factor to have the form registered
869,Alcremie,,1,Matcha Cream Strawberry Alcremie,Galar,Only one needs the GM factor to have the form registered
869,Alcremie,,1,Matcha Cream Berry Alcremie,Galar,Only one needs the GM factor to have the form registered
869,Alcremie,,1,Matcha Cream Love Alcremie,Galar,Only one needs the GM factor to have the form registered
869,Alcremie,,1,Matcha Cream Star Alcremie,Galar,Only one needs the GM factor to have the form registered
869,Alcremie,,1,Matcha Cream Clover Alcremie,Galar,Only one needs the GM factor to have the form registered
869,Alcremie,,1,Matcha Cream Flower Alcremie,Galar,Only one needs the GM factor to have the form registered
869,Alcremie,,1,Matcha Cream Ribbon Alcremie,Galar,Only one needs the GM factor to have the form registered
869,Alcremie,,1,Mint Cream Strawberry Alcremie,Galar,Only one needs the GM factor to have the form registered
869,Alcremie,,1,Mint Cream Berry Alcremie,Galar,Only one needs the GM factor to have the form registered
869,Alcremie,,1,Mint Cream Love Alcremie,Galar,Only one needs the GM factor to have the form registered
869,Alcremie,,1,Mint Cream Star Alcremie,Galar,Only one needs the GM factor to have the form registered
869,Alcremie,,1,Mint Cream Clover Alcremie,Galar,Only one needs the GM factor to have the form registered
869,Alcremie,,1,Mint Cream Flower Alcremie,Galar,Only one needs the GM factor to have the form registered
869,Alcremie,,1,Mint Cream Ribbon Alcremie,Galar,Only one needs the GM factor to have the form registered
869,Alcremie,,1,Lemon Cream Strawberry Alcremie,Galar,Only one needs the GM factor to have the form registered
869,Alcremie,,1,Lemon Cream Berry Alcremie,Galar,Only one needs the GM factor to have the form registered
869,Alcremie,,1,Lemon Cream Love Alcremie,Galar,Only one needs the GM factor to have the form registered
869,Alcremie,,1,Lemon Cream Star Alcremie,Galar,Only one needs the GM factor to have the form registered
869,Alcremie,,1,Lemon Cream Clover Alcremie,Galar,Only one needs the GM factor to have the form registered
869,Alcremie,,1,Lemon Cream Flower Alcremie,Galar,Only one needs the GM factor to have the form registered
869,Alcremie,,1,Lemon Cream Ribbon Alcremie,Galar,Only one needs the GM factor to have the form registered
869,Alcremie,,1,Salted Cream Strawberry Alcremie,Galar,Only one needs the GM factor to have the form registered
869,Alcremie,,1,Salted Cream Berry Alcremie,Galar,Only one needs the GM factor to have the form registered
869,Alcremie,,1,Salted Cream Love Alcremie,Galar,Only one needs the GM factor to have the form registered
869,Alcremie,,1,Salted Cream Star Alcremie,Galar,Only one needs the GM factor to have the form registered
869,Alcremie,,1,Salted Cream Clover Alcremie,Galar,Only one needs the GM factor to have the form registered
869,Alcremie,,1,Salted Cream Flower Alcremie,Galar,Only one needs the GM factor to have the form registered
869,Alcremie,,1,Salted Cream Ribbon Alcremie,Galar,Only one needs the GM factor to have the form registered
869,Alcremie,,1,Ruby Swirl Strawberry Alcremie,Galar,Only one needs the GM factor to have the form registered
869,Alcremie,,1,Ruby Swirl Berry Alcremie,Galar,Only one needs the GM factor to have the form registered
869,Alcremie,,1,Ruby Swirl Love Alcremie,Galar,Only one needs the GM factor to have the form registered
869,Alcremie,,1,Ruby Swirl Star Alcremie,Galar,Only one needs the GM factor to have the form registered
869,Alcremie,,1,Ruby Swirl Clover Alcremie,Galar,Only one needs the GM factor to have the form registered
869,Alcremie,,1,Ruby Swirl Flower Alcremie,Galar,Only one needs the GM factor to have the form registered
869,Alcremie,,1,Ruby Swirl Ribbon Alcremie,Galar,Only one needs the GM factor to have the form registered
869,Alcremie,,1,Caramel Swirl Strawberry Alcremie,Galar,Only one needs the GM factor to have the form registered
869,Alcremie,,1,Caramel Swirl Berry Alcremie,Galar,Only one needs the GM factor to have the form registered
869,Alcremie,,1,Caramel Swirl Love Alcremie,Galar,Only one needs the GM factor to have the form registered
869,Alcremie,,1,Caramel Swirl Star Alcremie,Galar,Only one needs the GM factor to have the form registered
869,Alcremie,,1,Caramel Swirl Clover Alcremie,Galar,Only one needs the GM factor to have the form registered
869,Alcremie,,1,Caramel Swirl Flower Alcremie,Galar,Only one needs the GM factor to have the form registered
869,Alcremie,,1,Caramel Swirl Ribbon Alcremie,Galar,Only one needs the GM factor to have the form registered
869,Alcremie,,1,Rainbow Swirl Strawberry Alcremie,Galar,Only one needs the GM factor to have the form registered
869,Alcremie,,1,Rainbow Swirl Berry Alcremie,Galar,Only one needs the GM factor to have the form registered
869,Alcremie,,1,Rainbow Swirl Love Alcremie,Galar,Only one needs the GM factor to have the form registered
869,Alcremie,,1,Rainbow Swirl Star Alcremie,Galar,Only one needs the GM factor to have the form registered
869,Alcremie,,1,Rainbow Swirl Clover Alcremie,Galar,Only one needs the GM factor to have the form registered
869,Alcremie,,1,Rainbow Swirl Flower Alcremie,Galar,Only one needs the GM factor to have the form registered
869,Alcremie,,1,Rainbow Swirl Ribbon Alcremie,Galar,Only one needs the GM factor to have the form registered
870,Falinks,,,,Galar,
871,Pincurchin,,,,Galar,
872,Snom,,,,Galar,
873,Frosmoth,,,,Galar,
874,Stonjourner,,,,Galar,
875,Eiscue,,,,Galar,
876,Indeedee,♂,,,Galar,
876,Indeedee,♀,,,Galar,
877,Morpeko,,,,Galar,
878,Cufant,,,,Galar,
879,Copperajah,,1,,Galar,
880,Dracozolt,,,,Galar,
881,Arctozolt,,,,Galar,
882,Dracovish,,,,Galar,
883,Arctovish,,,,Galar,
884,Duraludon,,1,,Galar,
885,Dreepy,,,,Galar,
886,Drakloak,,,,Galar,
887,Dragapult,,,,Galar,
888,Zacian,,,,Galar,
889,Zamazenta,,,,Galar,
890,Eternatus,,,,Galar,
891,Kubfu,,,,Galar,
892,Urshifu,,1,Single Strike Style,Galar,
892,Urshifu,,1,Rapid Strike Style,Galar,
893,Zarude,,,,Event,"Event exclusive; has been made available in Pokémon Go through an event, but has not been reaccuring"
893,Zarude,,,Dada Zarude,Event,Event exclusive
894,Regieleki,,,,Galar,
895,Regidrago,,,,Galar,
896,Glastrier,,,,Galar,
897,Spectrier,,,,Galar,
898,Calyrex,,,,Galar,
52,Meowth,,,Galarian Form,Galar,
77,Ponyta,,,Galarian Form,Galar,
78,Rapidash,,,Galarian Form,Galar,
79,Slowpoke,,,Galarian Form,Galar,
80,Slowbro,,,Galarian Form,Galar,
83,Farfetch'd,,,Galarian Form,Galar,
110,Weezing,,,Galarian Form,Galar (or Kanto),
122,Mr. Mime,,,Galarian Form,Galar (or Sinnoh),
144,Articuno,,,Galarian Form,Galar,
145,Zapdos,,,Galarian Form,Galar,
146,Moltres,,,Galarian Form,Galar,
199,Slowking,,,Galarian Form,Galar,
222,Corsola,,,Galarian Form,Galar,
263,Zigzagoon,,,Galarian Form,Galar,
264,Linoone,,,Galarian Form,Galar,
554,Darumaka,,,Galarian Form,Galar,
555,Darmanitan,,,Galarian Form,Galar,
562,Yamask,,,Galarian Form,Galar,
618,Stunfisk,,,Galarian Form,Galar,
899,Wyrdeer,,,,Hisui (or Johto),
900,Kleavor,,,,Hisui (or Kanto),
901,Ursaluna,,,,Hisui (or Johto),
901,Ursaluna,,,Bloodmoon Form,Paldea,Cannot be bred or evolved into
902,Basculegion,♂,,,Hisui,
902,Basculegion,♀,,,Hisui,
903,Sneasler,,,,Hisui,
904,Overqwil,,,,Hisui,
905,Enamorus,,,Incarnate Forme,Hisui,
905,Enamorus,,,Therian Forme,Hisui,
58,Growlithe,,,Hisuian Form,Hisui,
59,Arcanine,,,Hisuian Form,Hisui,
100,Voltorb,,,Hisuian Form,Hisui,
101,Electrode,,,Hisuian Form,Hisui,
157,Typhlosion,,,Hisuian Form,Hisui (or Johto),
211,Qwilfish,,,Hisuian Form,Hisui,
215,Sneasel,♂,,Hisuian Form,Hisui,
215,Sneasel,♀,,Hisuian Form,Hisui,
503,Samurott,,,Hisuian Form,Hisui (or Unova),
549,Lilligant,,,Hisuian Form,Hisui (or Unova),
550,Basculin,,,Hisuian White-Striped Form,Hisui,
570,Zorua,,,Hisuian Form,Hisui,
571,Zoroark,,,Hisuian Form,Hisui,
628,Braviary,,,Hisuian Form,Hisui (or Unova),
705,Sliggoo,,,Hisuian Form,Hisui (or Kalos),
706,Goodra,,,Hisuian Form,Hisui (or Kalos),
713,Avalugg,,,Hisuian Form,Hisui (or Kalos),
724,Decidueye,,,Hisuian Form,Hisui (or Alola),
906,Sprigatito,,,,Paldea,
907,Floragato,,,,Paldea,
908,Meowscarada,,,,Paldea,
909,Fuecoco,,,,Paldea,
910,Crocalor,,,,Paldea,
911,Skeledirge,,,,Paldea,
912,Quaxly,,,,Paldea,
913,Quaxwell,,,,Paldea,
914,Quaquaval,,,,Paldea,
915,Lechonk,,,,Paldea,
916,Oinkologne,♂,,,Paldea,
916,Oinkologne,♀,,,Paldea,
917,Tarountula,,,,Paldea,
918,Spidops,,,,Paldea,
919,Nymble,,,,Paldea,
920,Lokix,,,,Paldea,
921,Pawmi,,,,Paldea,
922,Pawmo,,,,Paldea,
923,Pawmot,,,,Paldea,
924,Tandemaus,,,,Paldea,
925,Maushold,,,Family of Three,Paldea,
925,Maushold,,,Family of Four,Paldea,
926,Fidough,,,,Paldea,
927,Dachsbun,,,,Paldea,
928,Smoliv,,,,Paldea,
929,Dolliv,,,,Paldea,
930,Arboliva,,,,Paldea,
931,Squawkabilly,,,Green Form,Paldea,
931,Squawkabilly,,,Blue Form,Paldea,
931,Squawkabilly,,,Yellow Form,Paldea,
931,Squawkabilly,,,White Form,Paldea,
932,Nacli,,,,Paldea,
933,Naclstack,,,,Paldea,
934,Garganacl,,,,Paldea,
935,Charcadet,,,,Paldea,
936,Armarouge,,,,Paldea,
937,Ceruledge,,,,Paldea,
938,Tadbulb,,,,Paldea,
939,Bellibolt,,,,Paldea,
940,Wattrel,,,,Paldea,
941,Kilowattrel,,,,Paldea,
942,Maschiff,,,,Paldea,
943,Mabosstiff,,,,Paldea,
944,Shroodle,,,,Paldea,
945,Grafaiai,,,,Paldea,
946,Bramblin,,,,Paldea,
947,Brambleghast,,,,Paldea,
948,Toedscool,,,,Paldea,
949,Toedscruel,,,,Paldea,
950,Klawf,,,,Paldea,
951,Capsakid,,,,Paldea,
952,Scovillain,,,,Paldea,
953,Rellor,,,,Paldea,
954,Rabsca,,,,Paldea,
955,Flittle,,,,Paldea,
956,Espathra,,,,Paldea,
957,Tinkatink,,,,Paldea,
958,Tinkatuff,,,,Paldea,
959,Tinkaton,,,,Paldea,
960,Wiglett,,,,Paldea,
961,Wugtrio,,,,Paldea,
962,Bombirdier,,,,Paldea,
963,Finizen,,,,Paldea,
964,Palafin,,,,Paldea,
965,Varoom,,,,Paldea,
966,Revavroom,,,,Paldea,
967,Cyclizar,,,,Paldea,
968,Orthworm,,,,Paldea,
969,Glimmet,,,,Paldea,
970,Glimmora,,,,Paldea,
971,Greavard,,,,Paldea,
972,Houndstone,,,,Paldea,
973,Flamigo,,,,Paldea,
974,Cetoddle,,,,Paldea,
975,Cetitan,,,,Paldea,
976,Veluza,,,,Paldea,
977,Dondozo,,,,Paldea,
978,Tatsugiri,,,Curly Form,Paldea,
978,Tatsugiri,,,Droopy Form,Paldea,
978,Tatsugiri,,,Stretchy Form,Paldea,
979,Annihilape,,,,Paldea (or Kanto),
980,Clodsire,,,,Paldea,
981,Farigiraf,,,,Paldea (or Johto),
982,Dudunsparce,,,Two-Segment Form,Paldea (or Johto),
982,Dudunsparce,,,Three-Segment Form,Paldea (or Johto),
983,Kingambit,,,,Paldea (or Unova),
984,Great Tusk,,,,Paldea,
985,Scream Tail,,,,Paldea,
986,Brute Bonnet,,,,Paldea,
987,Flutter Mane,,,,Paldea,
988,Slither Wing,,,,Paldea,
989,Sandy Shocks,,,,Paldea,
990,Iron Treads,,,,Paldea,
991,Iron Bundle,,,,Paldea,
992,Iron Hands,,,,Paldea,
993,Iron Jugulis,,,,Paldea,
994,Iron Moth,,,,Paldea,
995,Iron Thorns,,,,Paldea,
996,Frigibax,,,,Paldea,
997,Arctibax,,,,Paldea,
998,Baxcalibur,,,,Paldea,
999,Gimmighoul,,,Chest Form,Paldea,
999,Gimmighoul,,,Roaming Form,Pokémon Go,Currently only obtainable through HOME connectivity with Pokémon Go
1000,Gholdengo,,,,Paldea,
1001,Wo-Chien,,,,Paldea,
1002,Chien-Pao,,,,Paldea,
1003,Ting-Lu,,,,Paldea,
1004,Chi-Yu,,,,Paldea,
1005,Roaring Moon,,,,Paldea,
1006,Iron Valiant,,,,Paldea,
1007,Koraidon,,,,Paldea,
1008,Miraidon,,,,Paldea,
1009,Walking Wake,,,,Paldea,Currently event exclusive to Tera Raid Events in SV
1010,Iron Leaves,,,,Paldea,Currently event exclusive to Tera Raid Events in SV
1011,Dipplin,,,,Paldea (or Galar),
1012,Poltchageist,,,Counterfeit Form,Paldea,
1012,Poltchageist,,,Artisan Form,Paldea,
1013,Sinistcha,,,Counterfeit Form,Paldea,
1013,Sinistcha,,,Artisan Form,Paldea,
1014,Okidogi,,,,Paldea,
1015,Munkidori,,,,Paldea,
1016,Fezandipiti,,,,Paldea,
1017,Ogerpon,,,,Paldea,
1018,Archaludon,,,,Paldea (or Galar),
1019,Hydrapple,,,,Paldea (or Galar),
1020,Gouging Fire,,,,Paldea,
1021,Raging Bolt,,,,Paldea,
1022,Iron Boulder,,,,Paldea,
1023,Iron Crown,,,,Paldea,
1024,Terapagos,,,,Paldea,
1025,Pecharunt,,,,Paldea,"Currently event exclusive; available in SV at this point by receiving an item through mystery gift, although it is currently uncertain how long this mystery gift will be available"
128,Tauros,,,"Paldean Form, Combat Breed",Paldea,
128,Tauros,,,"Paldean Form, Blaze Breed",Paldea,
128,Tauros,,,"Paldean Form, Aqua Breed",Paldea,
194,Wooper,,,Paldean Form,Paldea,
