cluster;sottocluster;ancora;indirizzo;host;esito;titolo;autore
Preambolo;;post;https://www.reddit.com/r/PokemonHome/comments/1laqzce/guide_on_pokemon_home_collections/;reddit.com;scaricato;Guide on Pokemon Home Collections;El_Boosty
1) Dex completions;;Final Form Dex - only final evolutions;https://pokejungle.net/2023/03/27/how-to-organize-pokemon-home-for-a-living-dex/;pokejungle.net;fallito;;
1) Dex completions;;Noah's Ark Dex - male/female of every pokemon;https://www.reddit.com/r/PokemonHome/comments/1djbdm0/i_made_a_noahs_ark_google_sheet_checklist_so_you/;reddit.com;scaricato;I made a Noah's Ark Google Sheet Checklist so you don't have to!;verified-skelly
1) Dex completions;;Master Dex challenge - a unique challenge of fulling every spot with special pokemon by Lore Keeper Toby;https://www.youtube.com/watch?v=dKOjYQ5fhQQ;youtube.com;catalogato;;
1) Dex completions;;Origin Dex challenge - every pokemon from its original generation;https://www.reddit.com/r/PokemonHome/comments/1h5p13d/the_origin_living_dex_challenge/?utm_source=share&utm_medium=web3x&utm_name=web3xcss&utm_term=1&utm_content=share_button;reddit.com;scaricato;The Origin Living Dex challenge;Faraknights
1) Dex completions;Youtube;Austin John's Dex video;https://youtu.be/ISPbxFiZkNg?si=0rJM1QCSSX8Mpf4v;youtu.be;catalogato;;
1) Dex completions;Youtube;LEOsMIND Project OriginDex - German;https://www.youtube.com/watch?v=nhPcPZR9JRk&list=PLNPYWte3HzIUEkeSBiR3DS2H_7d-u3OZ0&pp=0gcJCf4COCosWNin;youtube.com;catalogato;;
1) Dex completions;Youtube;The domiNATION's Full Living Origin Dex;https://www.youtube.com/watch?v=NByMz7VUCr4&list=PLDaB1K5aJh3p7kkrJ4EpczZsIg_275Edp;youtube.com;catalogato;;
1) Dex completions;Youtube;Wolf Duckworth's A reasonable Living Pokedex;https://www.youtube.com/watch?v=-QhFxVzxc-0;youtube.com;catalogato;;
1) Dex completions;Youtube;Lore Keeper Toby's The most ridiculous Pokedex challenge;https://www.youtube.com/watch?v=ni5DpLjidK8&t=1s;youtube.com;catalogato;;
1) Dex completions;Reddit;Living Origin Dex;https://www.reddit.com/r/PokemonHome/comments/1jmep9q/my_living_origin_dex_every_pokemon_from_its/;reddit.com;scaricato;My living Origin Dex: Every Pokemon from its original game, plus oddities and events. Cloned Giveaway at the end!;IzzybearThebestdog
1) Dex completions;Pokemon Collection Trackers;Pokemon Home living dex list;https://www.reddit.com/r/PokemonHome/comments/f3uaxj/pokemon_home_complete_living_dex_list/;reddit.com;scaricato;Pokemon Home COMPLETE Living Dex List;rquinain
1) Dex completions;Pokemon Collection Trackers;Suppereffective now different URL;https://classic.pokepc.net/;classic.pokepc.net;scaricato;SuperEffective - Pokédex Tracker, News & more;
1) Dex completions;Pokemon Collection Trackers;Pokedextracker;https://pokedextracker.com/;pokedextracker.com;catalogato;;
1) Dex completions;Pokemon Collection Trackers;Austin John's tracker;https://www.austinjohnplays.com/pokemonhome;austinjohnplays.com;scaricato;Pokemon Home Organizer — Austin John Plays;
1) Dex completions;Pokemon Collection Trackers;Reddit user xtokri's customizable tracker;https://www.reddit.com/r/PokemonHome/comments/1st10p1/got_frustrated_with_existing_livingdex_trackers/;reddit.com;scaricato;Got frustrated with existing living-dex trackers, so I built one;xtokri
1) Dex completions;Pokemon Collection Trackers;Reddit user Thundrosaur's Pokemon collection spreadsheet;https://www.reddit.com/r/PokemonHome/comments/xp1ise/pok%C3%A9mon_collection_spreadsheet/;reddit.com;scaricato;Pokémon Collection Spreadsheet;Thundrosaur
1) Dex completions;Pokemon Collection Trackers;Up to date GO Dex tracker;https://godex.site/collection/90977;godex.site;catalogato;;
1) Dex completions;Gen 1;Original Region Guides: Gen 1;https://www.reddit.com/r/PokemonHome/comments/1p0hzxn/original_region_guides_gen_1/;reddit.com;scaricato;Original Region Guides: Gen 1;electroswingmix
1) Dex completions;Gen 1;Flying trainer glitch for all Gen 1 Pokemon with your OT;https://www.reddit.com/r/pokemon/comments/49r66o/guide_getting_any_pok%C3%A9mon_you_want_in_generations/;reddit.com;scaricato;[Guide] Getting ANY Pokémon you want in generations 1 through 3: Generation 1 (Part 1 of 3);UW_Unknown_Warrior
1) Dex completions;Gen 1;Map of possible encounters with flying trainer glitch;https://www.reddit.com/r/pokemon/comments/48bflq/this_is_a_map_of_all_the_different_pokemon_you/;reddit.com;scaricato;This is a map of all the different pokemon you can encounter using the Mew glitch in R/B/Y.;LanAkou
1) Dex completions;Gen 2;Original Region Guides: Gen 2;https://www.reddit.com/r/PokemonHome/comments/1p362dn/original_region_guides_gen_2/;reddit.com;scaricato;Original Region Guides: Gen 2;electroswingmix
1) Dex completions;Gen 2;Swarm manipulation GSC;https://www.reddit.com/r/Pokemonguide/comments/7b07f6/how_to_find_swarms/;reddit.com;scaricato;How to find Swarms;Chamale
1) Dex completions;Gen 2;Roamers GSC;https://www.reddit.com/r/Pokemonguide/comments/7c2kcf/how_to_find_raikou_suicune_and_entei_a/;reddit.com;scaricato;How to find Raikou, Suicune, and Entei: A mathematically optimal guide, updated and corrected;Chamale
1) Dex completions;Gen 2;Headbutt calculator GSC;https://www.reddit.com/r/pokemon/comments/72tbz7/a_tool_for_finding_the_right_headbutt_tree_when/;reddit.com;scaricato;A tool for finding the right Headbutt Tree when looking for rare encounters;TShadowKnight
1) Dex completions;Gen 2;Unown's last appearance and how to find all 28 forms;https://www.reddit.com/r/pokemon/comments/odmwcb/unowns_last_appearance_and_how_to_find_all_28/;reddit.com;scaricato;Unown's last appearance and how to find all 28 forms;TechnoTrainer
1) Dex completions;Gen 3;Original Region Guides: Gen 3;https://www.reddit.com/r/PokemonHome/comments/1vphi1w/original_region_guides_gen_3/;reddit.com;scaricato;Original Region Guides: Gen 3;electroswingmix
1) Dex completions;Gen 3;National Dex Guide for RSE;https://www.reddit.com/r/Pokemonguide/comments/l0bwym/how_to_complete_your_pok%C3%A9dex_in_generation_3/;reddit.com;scaricato;How to complete your Pokédex in generation 3 (Ruby/Sapphire/Fire Red/Leaf Green/Emerald);Poison-Powder
1) Dex completions;Gen 3;Feebas Guide;https://www.reddit.com/r/pokemon/comments/lettfp/generation_3_feebas_guide_also_applies_to_gen_4/?utm_source=share&utm_medium=ios_app&utm_name=iossmf;reddit.com;scaricato;Generation 3 Feebas Guide (also applies to Gen 4);flipflipshift
1) Dex completions;Gen 3;Berry glitch Zigzagoon;https://bulbapedia.bulbagarden.net/wiki/Berry_glitch;bulbapedia.bulbagarden.net;catalogato;;
1) Dex completions;Gen 3;FRLG Safari Zone Research;https://www.youtube.com/watch?v=y81nojEHKh8;youtube.com;catalogato;;
1) Dex completions;Gen 3;Gen 3 Check: Pokémon you need to have in Pokémon HOME;https://www.reddit.com/r/PokemonHome/comments/1p06clm/gen_3_check_pok%C3%A9mon_you_need_to_have_in_pok%C3%A9mon/;reddit.com;scaricato;Gen 3 Check: Pokémon you need to have in Pokémon HOME;Dararakz
1) Dex completions;Gen 3;Arbitrary Code Execution FRLG for past events;https://www.youtube.com/watch?v=fK4jxsuvAsk&t=2512s;youtube.com;catalogato;;
1) Dex completions;Gen 3;Arbitrary Code Execution RSE for past events;https://gist.github.com/claydolwithexplosion/017f1784deebcd118b61d3ad917edb3c;gist.github.com;scaricato;Pokemon Emerald ACE · GitHub;
1) Dex completions;Gen 4;National Dex Guide for Platinum;https://www.reddit.com/r/pokemon/comments/oyjuy7/ive_written_the_most_comprehensive_guide_ever_to/;reddit.com;scaricato;I've written the most comprehensive guide ever to completing the National Dex in Platinum;big_bill_wilson
1) Dex completions;Gen 4;HGSS bug catching contest;https://bulbapedia.bulbagarden.net/wiki/Bug-Catching_Contest;bulbapedia.bulbagarden.net;catalogato;;
1) Dex completions;Gen 4;Gen 4 Check: Pokémon you need to have in Pokémon HOME;https://www.reddit.com/r/PokemonHome/comments/1pd8ve9/gen_4_check_pok%C3%A9mon_you_need_to_have_in_pok%C3%A9mon/;reddit.com;scaricato;Gen 4 Check: Pokémon you need to have in Pokémon HOME;Dararakz
1) Dex completions;Gen 4;HGSS ingame trades;https://www.youtube.com/watch?v=xOBSFSiK2R0;youtube.com;catalogato;;
1) Dex completions;Gen 4;Level 1 (shiny) Sinjoh ruins legendaries;https://www.reddit.com/r/PokemonHGSS/comments/1hy3b12/how_did_i_get_a_low_level_giritina_here_is_a_step/;reddit.com;scaricato;How did I get a low level Giritina? Here is a step by step guide so you too can get all the gen 4 and gen 5 event Pokemon! ;BoxLongjumping1067
1) Dex completions;Gen 4;HGSS Slugma, Mareep & Wooper special eggs;https://www.reddit.com/r/pokemon/comments/lwdw9o/til_you_can_get_a_slugma_wooper_and_mareep_egg_in/;reddit.com;scaricato;TIL you can get a Slugma, Wooper and Mareep egg in Violet City right at the start of HGSS;Merman101
1) Dex completions;Gen 4;HGSS Anti-softlock Tentacool;https://www.youtube.com/watch?v=H73ESn6VYvI;youtube.com;catalogato;;
1) Dex completions;Gen 5;Dream radar Pokemon;https://bulbapedia.bulbagarden.net/wiki/Pok%C3%A9mon_Dream_Radar;bulbapedia.bulbagarden.net;catalogato;;
1) Dex completions;Gen 5;Hidden Grotto;https://bulbapedia.bulbagarden.net/wiki/Hidden_Grotto;bulbapedia.bulbagarden.net;catalogato;;
1) Dex completions;Gen 5;B2W2 Pass Power;https://bulbapedia.bulbagarden.net/wiki/Entralink#Pass_Powers;bulbapedia.bulbagarden.net;catalogato;;
1) Dex completions;Gen 5;N's Pokemon;https://bulbapedia.bulbagarden.net/wiki/N%27s_Pok%C3%A9mon;bulbapedia.bulbagarden.net;catalogato;;
1) Dex completions;Gen 5;B2W2 Yancy/Curtis trades;https://www.youtube.com/watch?v=tb0eeLjTMOo;youtube.com;catalogato;;
1) Dex completions;Gen 6;Vivillon Pattern 3DS Guide;https://www.reddit.com/r/pokemon/comments/7blfqr/reminder_you_can_set_the_vivillon_pattern_of_your/;reddit.com;scaricato;Reminder: You can set the Vivillon pattern of your game by changing your region before start!;Starfighter-Suicune
1) Dex completions;Gen 6;Transfer demo Glalie/Steelix;https://www.youtube.com/watch?v=0jePe3SyuOo;youtube.com;catalogato;;
1) Dex completions;Gen 7;Totem Pokemon;https://bulbapedia.bulbagarden.net/wiki/Totem_Pok%C3%A9mon;bulbapedia.bulbagarden.net;catalogato;;
1) Dex completions;Gen 7;Island scan;https://bulbapedia.bulbagarden.net/wiki/QR_Scanner#Island_Scan;bulbapedia.bulbagarden.net;catalogato;;
1) Dex completions;Gen 7;Shiny Cap Pikachu;https://www.youtube.com/watch?v=d-2mHUdbn8k;youtube.com;catalogato;;
1) Dex completions;Gen 7;Surf Pikachu - can be shiny hunted;https://bulbapedia.bulbagarden.net/wiki/Surfing_Pikachu#Pok%C3%A9mon_Ultra_Sun_and_Ultra_Moon;bulbapedia.bulbagarden.net;catalogato;;
1) Dex completions;Gen 7;Transfer Ash Greninja;https://www.youtube.com/watch?v=o3TWbBsOv8I;youtube.com;catalogato;;
1) Dex completions;Gen 7;Zygarde 100% Guide;https://www.youtube.com/watch?v=65OcoKMBK_o;youtube.com;catalogato;;
1) Dex completions;Gen 8;GMax Pokemon;https://www.serebii.net/swordshield/gigantamax.shtml;serebii.net;scaricato;Pokémon Sword & Shield - Gigantamax Forms;
1) Dex completions;Gen 8;Alcremie Guide;https://www.reddit.com/r/PokemonScarletViolet/comments/18p237c/guide_for_alcremie_in_scarletviolet/;reddit.com;scaricato;Guide for Alcremie in Scarlet/Violet.;Far-Board8733
1) Dex completions;Gen 9;Titan mark Pokemon;https://www.serebii.net/scarletviolet/titanpokemon.shtml;serebii.net;scaricato;Pokémon Scarlet & Violet - Titan Pokémon;
1) Dex completions;Gen 9;Mighty mark Pokemon;https://serebii.net/scarletviolet/teraraidbattleevents.shtml;serebii.net;scaricato;Pokémon Scarlet & Violet - Tera Raid Battle Events;
1) Dex completions;Gen 9;SV sandwich simulator;https://cecilbowen.github.io/pokemon-sandwich-simulator/;cecilbowen.github.io;catalogato;;
1) Dex completions;Gen 9;SV sandwich overview;https://imgur.com/a/scarlet-violet-shiny-sandwich-recipes-by-papa-jef-BTuymY3#KpYAPbg;imgur.com;catalogato;;
1) Dex completions;Gen 9;How to get all 19 Vivillon patterns in Pokemon Scarlet and Violet;https://www.youtube.com/watch?v=L27WJgiAfAE;youtube.com;catalogato;;
1) Dex completions;Spinoffs;List of purfified shadow Pokemon from XD/Colosseum;https://bulbapedia.bulbagarden.net/wiki/List_of_Shadow_Pok%C3%A9mon;bulbapedia.bulbagarden.net;catalogato;;
1) Dex completions;Spinoffs;AlphaDex Pokemon;https://www.reddit.com/r/PokemonHome/comments/1py3n1f/alphadex_part_3/;reddit.com;scaricato;AlphaDex, part 3;Roval3
1) Dex completions;Spinoffs;Current GO Home dex;https://x.com/gohomedex;x.com;catalogato;;
1) Dex completions;Spinoffs;Overview of possible titles for Pokemon Champions;https://www.serebii.net/pokemonchampions/pokemontitles.shtml;serebii.net;scaricato;Pokémon Champions - Pokémon Titles;
1) Dex completions;Overall lists for multiple generations;Checklist ingame trades & gifts;https://www.reddit.com/r/PokemonHome/comments/17rt8yo/i_made_a_spreadsheetchecklist_of_all_the_ingame/;reddit.com;scaricato;I made a spreadsheet/checklist of all the in-game trades/gift pokemon/interactable pokemon in all the games. This might not be useful to almost anyone, but if there’s someone out there collecting them like me, this might help! Also, feedback is appreciated!;greenpangolin17
1) Dex completions;Overall lists for multiple generations;Checklist ingame events;https://www.reddit.com/r/pokemontrades/comments/18y648l/new_checklist_for_collectors_every_ingame_event/;reddit.com;scaricato;New checklist for Collectors! Every In-Game Event Pokemon! Finish before pokebank goes away forever;ChaBoiJish
1) Dex completions;Overall lists for multiple generations;Rarest Pokemon to have;https://www.reddit.com/r/PokemonHome/comments/1flidyg/rarest_pokemon_to_have/;reddit.com;scaricato;Rarest pokemon to have;Dependent_Relief_652
1) Dex completions;Overall lists for multiple generations;Gender Differences;https://bulbapedia.bulbagarden.net/wiki/List_of_Pok%C3%A9mon_with_gender_differences;bulbapedia.bulbagarden.net;catalogato;;
1) Dex completions;Overall lists for multiple generations;A guide to underleveled pokemon without Pokemon GO;https://www.reddit.com/r/pokemon/comments/hhlm8k/a_guide_to_underleveled_pokemon/?utm_source=share&utm_medium=web3x&utm_name=web3xcss&utm_term=1&utm_content=share_button;reddit.com;scaricato;A guide to underleveled Pokemon.;Pikmin34
1) Dex completions;Overall lists for multiple generations;Overview DNS glitch Gen 4&5;https://www.reddit.com/r/wiimmfi/comments/fugd8l/dns_gen_iv_v_events_list_inside/?show=original;reddit.com;scaricato;[DNS] Gen IV & V events (list inside);JoseGamer33
1) Dex completions;Overall lists for multiple generations;List of obtainable DNS pokemon;https://www.shacknews.com/article/108512/how-to-unlock-gen-4-and-5-pokemon-mystery-events-in-2018;shacknews.com;scaricato;How to unlock Gen 4 and 5 Pokemon Mystery Events in 2018 | Shacknews;
1) Dex completions;Overall lists for multiple generations;DNS online trading Gen 4&5;https://pkmnclassic.net/;pkmnclassic.net;scaricato;Poké Classic Network;
1) Dex completions;Overall lists for multiple generations;Guide to Pokemon Home symbols;https://www.reddit.com/r/PokemonHome/comments/145ylee/special_text_about_many_pretty_symbols_stamps_60/;reddit.com;scaricato;Special Text About Many Pretty Symbols (STAMPS 6.0);TwistedTextures
1) Dex completions;Overall lists for multiple generations;Gurantueed In-Game Shiny Pokémon;https://www.serebii.net/games/shiny.shtml;serebii.net;scaricato;Serebii.net Games - Shiny Pokémon;
2) What are we loosing with Pokemon Bank;;The one and only Gigachad - Pokémon Bank Exclusives Masterpost;https://www.reddit.com/r/PokemonHome/comments/1apiuee/pok%C3%A9mon_bank_exclusives_masterpost/;reddit.com;scaricato;Pokémon Bank Exclusives Masterpost;electroswingmix
2) What are we loosing with Pokemon Bank;;Pokemon to transfer before bank shuts down;https://www.reddit.com/r/PokemonHome/comments/175qgyy/pokemon_to_transfer_before_bank_shuts_down/;reddit.com;scaricato;Pokemon to transfer before Bank shuts down;YuiAmon
2) What are we loosing with Pokemon Bank;;Summary of what will be lost across generations;https://www.reddit.com/r/PokemonHome/comments/1vog8zg/summary_of_what_will_be_lost_across_generations/;reddit.com;scaricato;Summary of what will be lost across generations due to Bank closure;dungeonrpg
2) What are we loosing with Pokemon Bank;;All Pokemon Home challenges that will become impossible after bank closes;https://www.reddit.com/r/PokemonHome/comments/1voa411/all_pokemon_home_challenges_that_will_become/;reddit.com;scaricato;All Pokemon Home challenges that will become impossible after bank closes;WillowOfWisps
2) What are we loosing with Pokemon Bank;;Unique or event pokemon to send;https://www.reddit.com/r/PokemonHome/comments/1vrbbom/psa_lots_and_lots_of_unique_or_event_mons_to_send/;reddit.com;scaricato;PSA Lots and Lots of Unique or Event Mons to send up from Bank;Fatalframe4
2) What are we loosing with Pokemon Bank;;Every (shiny) pokemon that must be transferred Pre-Gen 8;https://www.reddit.com/r/PokemonHome/comments/1vnlh42/every_pokemon_that_must_be_transferred_obtained/;reddit.com;scaricato;Every pokemon that must be transferred / obtained pre-gen 8;EpiclyEpicGamerE
3) Collections of one Pokemon species;;Pikachu event dex;https://www.serebii.net/events/dex/025.shtml;serebii.net;scaricato;Serebii.net Eventdex - #0025 Pikachu;
3) Collections of one Pokemon species;;Mark overview;https://www.serebii.net/scarletviolet/marks.shtml;serebii.net;scaricato;Pokémon Scarlet & Violet - Marks;
3) Collections of one Pokemon species;;Curry mark;https://projectpokemon.org/home/forums/topic/57870-swsh-camp-encounters-after-making-curry/;projectpokemon.org;catalogato;;
3) Collections of one Pokemon species;;Weather marks SWSH;https://www.serebii.net/swordshield/weather.shtml;serebii.net;scaricato;Pokémon Sword & Shield - Weather;
3) Collections of one Pokemon species;;Misty mark in SV;https://x.com/Sibun4a_Switch/status/1930459094202163632;x.com;catalogato;;
3) Collections of one Pokemon species;;guide to all possible Pokemon, lvl, ball combination;https://www.serebii.net/games/geniball.shtml;serebii.net;scaricato;Serebii.net Games - PokéBall Details - Generation I;
4) Ribbon Master;;Athis ribbon master guide;https://www.reddit.com/r/pokemonribbons/comments/pzzqt4/my_guide_on_the_ribbon_master_challenge/;reddit.com;scaricato;My guide on the Ribbon Master Challenge;Athis_891
4) Ribbon Master;;Pikachu ribbon master;https://www.reddit.com/r/pokemonribbons/comments/9xj21t/in_celebration_of_lgpe_heres_a_pikachu_ribbon/;reddit.com;scaricato;In celebration of LGPE, here's a Pikachu Ribbon Master;SatoSmogonFrog
4) Ribbon Master;;u/10Sly10 ribbon guide website;https://ribbons.guide/;ribbons.guide;scaricato;Ribbons.Guide - Ribbon Tracking and Guidance;
5) Other lists and spreadsheets;;Spreadsheet of matching Pokemon-Ball colours;https://www.reddit.com/r/pokemon/comments/zi89xa/legal_matching_pok%C3%A9balls_20_spreadsheet/;reddit.com;scaricato;Legal Matching Pokéballs 2.0 spreadsheet;OracleLink
5) Other lists and spreadsheets;;List of all unique NPC and gift TIDs;https://bulbapedia.bulbagarden.net/wiki/List_of_notable_ID_numbers;bulbapedia.bulbagarden.net;catalogato;;
5) Other lists and spreadsheets;;List of crossgen evolutions;https://bulbapedia.bulbagarden.net/wiki/List_of_cross-generational_evolutionary_lines;bulbapedia.bulbagarden.net;catalogato;;
5) Other lists and spreadsheets;;List of Events;https://m.bulbapedia.bulbagarden.net/wiki/List_of_event_Pok%C3%A9mon_distributions;m.bulbapedia.bulbagarden.net;catalogato;;
5) Other lists and spreadsheets;;Event gallery;https://projectpokemon.org/home/files/category/2-event-gallery/;projectpokemon.org;catalogato;;
5) Other lists and spreadsheets;;Cherish ball dex;https://www.youtube.com/watch?app=desktop&v=mGM_nNGAEgU;youtube.com;non nel grafo;;
6) How to still get Bank and other games/ 3DS modding;;Creating the ultimate Pokemon machine;https://www.reddit.com/r/pokemon/comments/1spdhic/creating_the_ultimate_pok%C3%A9mon_machine_nintendo/;reddit.com;scaricato;Creating the Ultimate Pokémon Machine - Nintendo 3DS (v4);SteveW_MC
6) How to still get Bank and other games/ 3DS modding;;Modding your 3DS;https://3ds.hacks.guide/;3ds.hacks.guide;scaricato;3DS Hacks Guide;
6) How to still get Bank and other games/ 3DS modding;;Pokémon Home & Bank Connectivity, the "Home Tracker," and 3rd-Party Tools;https://www.reddit.com/r/PokemonHome/comments/1vqrxf4/psa_pok%C3%A9mon_home_bank_connectivity_the_home/;reddit.com;scaricato;[PSA] Pokémon Home & Bank Connectivity, the "Home Tracker," and 3rd-Party Tools;javuier_himura
6) How to still get Bank and other games/ 3DS modding;;u/Muddy0258 connectivity chart 2026;https://www.reddit.com/r/PokemonHome/comments/1sazzdv/pokemon_connectivity_chart_update_link_to_hi_res/;reddit.com;scaricato;Pokemon Connectivity Chart Update - LINK TO HI RES IN TEXT;Muddy0258
7) General tools;;Dragonfly calculators;https://www.dragonflycave.com/calculators;dragonflycave.com;scaricato;Calculators | The Cave of Dragonflies;
7) General tools;;Rotomlabs calculators;https://rotomlabs.net/scarlet-violet/catch-calculator;rotomlabs.net;scaricato;Catch Rate Calculator for Pokémon Scarlet and Violet (Gen 9) - RotomLabs;
7) General tools;;Blisy.net;https://blisy.net/;blisy.net;catalogato;;
8) Shiny Hunting;;Overview on shiny hunting methods with odds of every game;https://www.reddit.com/r/pokemon/comments/10wzzt9/these_are_all_the_hunting_methods_of_every_game/?show=original;reddit.com;scaricato;These are all the Hunting Methods of every Game with their Shiny Odds!!;NewAgeHydreigons
8) Shiny Hunting;Gen 1;How to shiny hunt in Gen 1;https://bluemoonfalls.com/pages/shinies/gen-1-shiny-hunting;bluemoonfalls.com;scaricato;Generation 1 Shiny Hunting - Blue Moon Falls;
8) Shiny Hunting;Gen 2;Gen 1 and 2 shiny hunting guide;https://buriedrelic.neocities.org/pages/manual/generations_1_2;buriedrelic.neocities.org;scaricato;Old-Gen Shiny hunter manual (Generations 1 & 2) - Buried Relic;
8) Shiny Hunting;Gen 2;Gen 2 chain breeding;https://www.reddit.com/r/Pokemonguide/comments/8w0x5i/how_to_breed_an_army_of_shinies_with_red_gyarados/;reddit.com;scaricato;How to breed an army of Shinies with Red Gyarados;Chamale
8) Shiny Hunting;Gen 2;Pokemon Crystal Odd Egg;https://bulbapedia.bulbagarden.net/wiki/Odd_Egg;bulbapedia.bulbagarden.net;catalogato;;
8) Shiny Hunting;Gen 2;Shiny Gene Ditto;https://bluemoonfalls.com/pages/shinies/dv-breeding;bluemoonfalls.com;scaricato;DV Breeding For Shinies - Blue Moon Falls;
8) Shiny Hunting;Gen 3;Gen 3 shiny hunting guide;https://buriedrelic.neocities.org/pages/manual/generation_3;buriedrelic.neocities.org;scaricato;Old-Gen Shiny hunter manual (Generation 3) - Buried Relic;
8) Shiny Hunting;Gen 3;Overview shiny hunting in Gen 3;https://www.reddit.com/r/pokemon/comments/6l20ef/long_shiny_hunting_guide_for_gen_3/?show=original;reddit.com;scaricato;Long Shiny hunting guide for gen 3;Octavius566
8) Shiny Hunting;Gen 4;Gen 4 shiny hunting guide;https://buriedrelic.neocities.org/pages/manual/generation_4;buriedrelic.neocities.org;scaricato;Old-Gen Shiny hunter manual (Generation 4) - Buried Relic;
8) Shiny Hunting;Gen 4;Introduction to Masuda Method;https://bulbapedia.bulbagarden.net/wiki/Masuda_method;bulbapedia.bulbagarden.net;catalogato;;
8) Shiny Hunting;Gen 4;Gen 4 Pokeradar;https://youtu.be/AIslziEvNIU?si=ztdU_rYWgxwSsQuH;youtu.be;catalogato;;
8) Shiny Hunting;Gen 4;How to shiny hunt Manaphy - only for complete maniacs;https://www.reddit.com/r/ShinyPokemon/comments/fdowih/discuss_a_guide_to_shiny_hunting_manaphy_optimally/;reddit.com;scaricato;[Discuss] A guide to shiny hunting Manaphy optimally;pup_pup_pass
8) Shiny Hunting;Gen 5;Gen 5 shiny hunting guide;https://buriedrelic.neocities.org/pages/manual/generation_5;buriedrelic.neocities.org;scaricato;Old-Gen Shiny hunter manual (Generation 5) - Buried Relic;
8) Shiny Hunting;Gen 5;Introduction of the Shiny Charm in B2W2;https://bulbapedia.bulbagarden.net/wiki/Shiny_Charm;bulbapedia.bulbagarden.net;catalogato;;
8) Shiny Hunting;Gen 5;Increasing shiny odds with lucky pass power - french;https://www.pokebip.com/page/jeux-video/dossier-shasse/auras-porte-bonheur;pokebip.com;scaricato;Dossier Shasse > Le secret des Auras Porte-Bonheur - Pokébip.com;
8) Shiny Hunting;Gen 6;Horde Hunting;https://www.youtube.com/watch?v=fMf-n-MbkuU;youtube.com;catalogato;;
8) Shiny Hunting;Gen 6;Chain Fishing;https://www.youtube.com/watch?v=JgvW8fha7k4;youtube.com;catalogato;;
8) Shiny Hunting;Gen 6;ORAS DexNav Survival Guide;https://www.reddit.com/r/ShinyPokemon/comments/1i8rjzm/talk_oras_dexnav_survival_guide_how_to_chain_what/?show=original;reddit.com;scaricato;[talk] ORAS DexNav Survival Guide - How to chain, what the search level does, and more;HuntaHuntaHunta
8) Shiny Hunting;Gen 6;A guide to Gen 6 Pokeradar;https://www.youtube.com/watch?v=tDwUBZP5llk&t=63s;youtube.com;catalogato;;
8) Shiny Hunting;Gen 6;Friend Safari with all-friend-safari-patch;https://www.youtube.com/watch?v=_pvOsA7Q0KY;youtube.com;catalogato;;
8) Shiny Hunting;Gen 7;SOS chaining method;https://www.youtube.com/watch?v=rt94JqpBm5s;youtube.com;catalogato;;
8) Shiny Hunting;Gen 7;Efficient breeding in Generation 7;https://www.reddit.com/r/pokemon/comments/5iyoe1/guide_efficient_breeding_in_generation_7/;reddit.com;scaricato;[Guide] Efficient Breeding in Generation 7;jman100
8) Shiny Hunting;Gen 7;Ultra Wormhole shiny hunting in USUM;https://www.smogon.com/ingame/guides/ultra_space_guide;smogon.com;scaricato;Guide to Ultra Space in Pokémon Ultra Sun and Moon - Smogon University;
8) Shiny Hunting;Gen 8;Information on Shiny Hunting in Gen 8;https://www.reddit.com/r/ShinyPokemon/comments/e06xqd/gen_8_updated_shiny_hunting_information/;reddit.com;scaricato;[Gen 8] Updated Shiny Hunting Information;thackattack42
8) Shiny Hunting;Gen 8;Shiny hunting in Dynamax adventures;https://www.youtube.com/watch?v=uAIxIe-IsDk;youtube.com;catalogato;;
8) Shiny Hunting;Gen 9;Most Efficient Way to Shiny Hunt Mass Outbreak Pokemon in SV;https://www.reddit.com/r/ShinyPokemon/comments/yzm2sq/9_guide_most_efficient_way_to_shiny_hunt_mass/;reddit.com;scaricato;[9] [Guide] Most Efficient Way to Shiny Hunt Mass Outbreak Pokemon in Scarlet and Violet;kyuuuuuuuuuuute
8) Shiny Hunting;Gen 9;Guide to Hunting Shiny Mass Outbreak Pokemon in Scarlet and Violet as Efficiently as Possible;https://www.reddit.com/r/pokemon/comments/yzlk7z/spoilers_guide_to_hunting_shiny_mass_outbreak/;reddit.com;scaricato;[Spoilers] Guide to Hunting Shiny Mass Outbreak Pokemon in Scarlet and Violet as Efficiently as Possible;kyuuuuuuuuuuute
8) Shiny Hunting;Gen 9;Sparkling Power sandwiches;https://www.reddit.com/r/ShinyPokemon/comments/zsfv1n/ix_new_shiny_sandwich_guide_made_by_myself/?show=original;reddit.com;scaricato;[IX] NEW SHINY SANDWICH GUIDE! Made by Myself!;Scyfer1
8) Shiny Hunting;Spinoffs;Shadow shiny hunting in Pokemon Colosseum;https://buriedrelic.neocities.org/pages/shadow_guide;buriedrelic.neocities.org;scaricato;Shiny shadow hunting guide - Buried Relic;
8) Shiny Hunting;Spinoffs;Shadow shiny hunting in Pokemon XD: Gale of Darkness;https://buriedrelic.neocities.org/pages/GoD_shiny_guide;buriedrelic.neocities.org;scaricato;Shiny hunting in Gale of Darkness - Buried Relic;
8) Shiny Hunting;Spinoffs;Guide on shiny hunting in Pokemons Let's Go with Chain Catching;https://www.reddit.com/r/PokemonLetsGo/comments/1fendma/pokemon_lets_go_guide_for_shiny_hunting_tracking/;reddit.com;scaricato;Pokemon Lets Go Guide for Shiny Hunting, Tracking, and Builds;Kipter76
8) Shiny Hunting;Spinoffs;Pokeradar guide BDSP;https://www.reddit.com/r/PokeLeaks/comments/qsr6ze/bdsp_poke_radar_guide/;reddit.com;scaricato;[BDSP] Poke Radar Guide;Ephenia
8) Shiny Hunting;Spinoffs;Grand underground shiny hunting BDSP;https://www.youtube.com/watch?v=Ab7CrjKRdco;youtube.com;catalogato;;
8) Shiny Hunting;Spinoffs;Overview on Massive Mass Outbreaks with Permutation hunting in PLA;https://rotomlabs.net/guide/shiny-hunting-massive-mass-outbreaks-legends-arceus;rotomlabs.net;scaricato;Shiny Hunting Massive Mass Outbreaks in Pokémon Legends: Arceus;
8) Shiny Hunting;Spinoffs;Best shiny hunting locations in PLZA;https://www.reddit.com/r/PokemonZA/comments/1of201i/best_shiny_hunting_locationsmethods/;reddit.com;scaricato;Best Shiny Hunting Locations/Methods;-SpinSanity-
8) Shiny Hunting;Spinoffs;How to effectively farm and use hyper berries;https://www.reddit.com/r/PokemonZA/comments/1q2uxey/guide_how_to_effectively_farm_and_use_hyper/;reddit.com;scaricato;Guide: How to effectively farm and use Hyper Berries;SonGouki
8) Shiny Hunting;Spinoffs;Shiny hunting with donuts in Mega Dimensions in PLZA;https://www.youtube.com/watch?v=P1fxsWWvX6c;youtube.com;catalogato;;
8) Shiny Hunting;General tips;r/ShinyPokemon Introduction to Shiny Hunting;https://www.reddit.com/r/ShinyPokemon/wiki/index/#wiki_game_faq;reddit.com;catalogato;;
8) Shiny Hunting;General tips;Overview on utility pokemon for catching;https://buriedrelic.neocities.org/pages/utility_pokemon;buriedrelic.neocities.org;scaricato;Utility Pokémon - Buried Relic;
8) Shiny Hunting;General tips;Shiny locked encounters;https://bulbapedia.bulbagarden.net/wiki/List_of_unobtainable_Shiny_Pok%C3%A9mon;bulbapedia.bulbagarden.net;catalogato;;
9) RNG Manipulation and Glitches;RNG Manipulation - the best sources to start;Pokemonrng.com;https://www.pokemonrng.com/retail-emerald-egg/;pokemonrng.com;scaricato;Retail Emerald Egg RNG;
9) RNG Manipulation and Glitches;RNG Manipulation - the best sources to start;RNG on retail overview;https://retailrng.com/;retailrng.com;scaricato;Retail Pokémon RNG | Tutorials for Pokémon RNG Manipulation;
9) RNG Manipulation and Glitches;RNG Manipulation - the best sources to start;Reddit RNG manip;https://www.reddit.com/r/pokemonrng/;reddit.com;catalogato;;
9) RNG Manipulation and Glitches;RNG Manipulation - the best sources to start;YT I'm a blisy;https://www.youtube.com/@imablisy;youtube.com;catalogato;;
9) RNG Manipulation and Glitches;RNG Manipulation - the best sources to start;YT Lazyhunter;https://www.youtube.com/@ItsLazyHunter;youtube.com;catalogato;;
9) RNG Manipulation and Glitches;RNG Manipulation - the best sources to start;Smogon RNG overview;https://www.smogon.com/ingame/rng/;smogon.com;scaricato;RNG Mechanics - Smogon University;
9) RNG Manipulation and Glitches;RNG Manipulation - the best sources to start;Cute Charm Glitch;https://www.youtube.com/watch?v=os0AOt1VMi0;youtube.com;catalogato;;
9) RNG Manipulation and Glitches;Item Printer Gen 9;Item RNG manip SV;https://www.youtube.com/watch?v=RvCZ_tHfsMA&list=LL&index=91&t=288s&pp=gAQBiAQB0gcJCd4JAYcqIYzv;youtube.com;catalogato;;
9) RNG Manipulation and Glitches;Item Printer Gen 9;Apriball RNG manip SV;https://www.reddit.com/r/PokePortal/comments/1c3c0n8/the_item_printer_trick_a_guide_to_apriball/;reddit.com;scaricato;The Item Printer Trick: A Guide to Apriball Hoarding;MaryHadALittleDog
9) RNG Manipulation and Glitches;Item Printer Gen 9;Pokeball RNG manip SV;https://www.reddit.com/r/PokePortal/comments/1e3ga7e/item_printer_cheatsheet_pokeball_edition/;reddit.com;scaricato;Item Printer Cheatsheet: Pokeball Edition;Gimikyu_
9) RNG Manipulation and Glitches;Glitches;YT Pape Jefe;https://www.youtube.com/@PapaJefeYT/videos;youtube.com;catalogato;;
9) RNG Manipulation and Glitches;8F for Gen 1 games;8F glitch in Gen 1;https://www.reddit.com/r/pokemon/comments/5q4meg/how_to_trick_pokebank_into_thinking_your_gen_1/;reddit.com;scaricato;How to trick Pokebank into thinking your Gen 1 Mew is the "legit" one from the event via arbitrary code execution with 8F.;TransgenderPride
9) RNG Manipulation and Glitches;Coin Case Glitch for Gen 2 games;Coin Case glitch Gen 2;https://glitchcity.wiki/wiki/Coin_Case_glitches;glitchcity.wiki;scaricato;Coin Case glitches - Glitch City Wiki;
9) RNG Manipulation and Glitches;ACE coding in Gen 2 & Gen 3;ACE whole Thread + comments;https://www.reddit.com/r/pokemon/comments/17ldkt1/step_by_step_guides_on_using_ace_to_break_gold/;reddit.com;scaricato;Step by step guides on using ACE to break Gold, Silver and Crystal, applicable for all language releases;TimoVM
9) RNG Manipulation and Glitches;ACE coding in Gen 2 & Gen 3;ACE Gen 2;https://www.reddit.com/r/PokemonGlitches/comments/1cutdr9/comment/l4lckny/?utm_source=share&utm_medium=web3x&utm_name=web3xcss&utm_term=1;reddit.com;scaricato;8F + Coincase = Shiny Mew and Shiny Celebi - First Time Using a Pokemon Glitch outside Missingno!;Hour_Training_832
9) RNG Manipulation and Glitches;ACE coding in Gen 2 & Gen 3;ACE Gen 3;https://e-sh4rk.github.io/ACE3/;e-sh4rk.github.io;scaricato;ACE3 | Tutorial for gen3 ACE;
9) RNG Manipulation and Glitches;ACE coding in Gen 2 & Gen 3;ACE Gen 4;https://www.youtube.com/watch?v=tmPzFAuKMA8&pp=ygUQcmV0aXJlIGFjZSBnZW4gNA%3D%3D;youtube.com;catalogato;;
10) Lastly, a shootout the YT channels I follow closely on the topic of collecting;;https://www.youtube.com/@LEOsMINDgames;https://www.youtube.com/@LEOsMINDgames;youtube.com;catalogato;;
10) Lastly, a shootout the YT channels I follow closely on the topic of collecting;;https://www.youtube.com/@AustinJohnPlays;https://www.youtube.com/@AustinJohnPlays;youtube.com;catalogato;;
10) Lastly, a shootout the YT channels I follow closely on the topic of collecting;;https://www.youtube.com/@trailspokemon;https://www.youtube.com/@trailspokemon;youtube.com;catalogato;;
10) Lastly, a shootout the YT channels I follow closely on the topic of collecting;;https://www.youtube.com/@ThedomiNATION;https://www.youtube.com/@ThedomiNATION;youtube.com;catalogato;;
10) Lastly, a shootout the YT channels I follow closely on the topic of collecting;;https://www.youtube.com/@JohnstoneYT;https://www.youtube.com/@JohnstoneYT;youtube.com;catalogato;;
10) Lastly, a shootout the YT channels I follow closely on the topic of collecting;;https://www.youtube.com/@PapaJefeYT;https://www.youtube.com/@PapaJefeYT;youtube.com;catalogato;;
Commenti al post;;here;https://www.reddit.com/r/PokemonHome/s/eAV1QP76Dh;reddit.com;non nel grafo;;
Commenti al post;;https://docs.google.com/spreadsheets/d/1BL\_YM5paxN67KPik8Z6PLHdYFvGpcrO8Kp58EXGO8yI/edit?gid=1743142233#gid=1743142233;https://docs.google.com/spreadsheets/d/1BL_YM5paxN67KPik8Z6PLHdYFvGpcrO8Kp58EXGO8yI/edit?gid=1743142233#gid=1743142233;docs.google.com;catalogato;;
Commenti al post;;https://www.youtube.com/watch?v=ni5DpLjidK8;https://www.youtube.com/watch?v=ni5DpLjidK8;youtube.com;catalogato;;
Commenti al post;;;https://www.serebii.net/events/;serebii.net;scaricato;Serebii.net Event Database;
Commenti al post;;;https://www.reddit.com/r/PokemonHome/s/EluL4buXeT;reddit.com;non nel grafo;;
